Preliminary Enterprise Deaths,Persons Engaged in Preliminary Ceased Enterprises,Employees in Preliminary Ceased Enterprises,Final Enterprise Deaths,Persons Engaged in Final Ceased Enterprises,Employees in Final Ceased Enterprises
,,,8.0,110.0,109.0
,,,56.0,745.0,726.0
,,,3.0,41.0,
,,,0.0,0.0,0.0
,,,,,
,,,,,
,,,0.0,0.0,0.0
,,,3.0,41.0,
,,,,106.0,
,,,0.0,0.0,0.0
,,,0.0,0.0,0.0
,,,0.0,0.0,0.0
,,,,,
,,,,,
,,,5.0,58.0,56.0
,,,,,
,,,171.0,2225.0,2141.0
,,,,,
,,,0.0,0.0,0.0
,,,,,
,,,0.0,0.0,0.0
,,,0.0,0.0,0.0
,,,0.0,0.0,0.0
,,,0.0,0.0,0.0
,,,,,
,,,,,
,,,,,
,,,14.0,170.0,167.0
,,,0.0,0.0,0.0
,,,,,
,,,,,
,,,0.0,0.0,0.0
,,,,,
,,,,,
,,,,,
,,,,,
,,,48.0,635.0,617.0
,,,0.0,0.0,0.0
,,,,,
,,,,36.0,
,,,,111.0,95.0
,,,0.0,0.0,0.0
,,,,,
,,,,,
,,,0.0,0.0,0.0
,,,,,
,,,0.0,0.0,0.0
,,,0.0,0.0,0.0
,,,,,95.0
,,,0.0,0.0,0.0
,,,0.0,0.0,0.0
,,,0.0,0.0,0.0
,,,0.0,0.0,0.0
,,,3.0,41.0,
,,,0.0,0.0,0.0
,,,3.0,41.0,
,,,0.0,0.0,0.0
,,,0.0,0.0,0.0
,,,0.0,0.0,0.0
,,,0.0,0.0,0.0
,,,0.0,0.0,0.0
,,,0.0,0.0,0.0
,,,,,
,,,4.0,54.0,54.0
,,,0.0,0.0,0.0
,,,0.0,0.0,0.0
,,,0.0,0.0,0.0
,,,,,
,,,0.0,0.0,0.0
,,,0.0,0.0,0.0
,,,0.0,0.0,0.0
,,,7.0,,
,,,,,
,,,,,
,,,0.0,0.0,0.0
,,,0.0,0.0,0.0
,,,0.0,0.0,0.0
,,,,,
,,,,,
,,,0.0,0.0,0.0
,,,,134.0,
,,,0.0,0.0,0.0
,,,,,
,,,5.0,65.0,61.0
,,,5.0,65.0,61.0
,,,,,
,,,,,
,,,0.0,0.0,0.0
,,,,,
,,,0.0,0.0,0.0
,,,,,
,,,0.0,0.0,0.0
,,,0.0,0.0,0.0
,,,0.0,0.0,0.0
,,,0.0,0.0,0.0
,,,0.0,0.0,0.0
,,,10.0,130.0,128.0
,,,5.0,71.0,66.0
,,,,,
,,,3.0,,
,,,0.0,0.0,0.0
,,,,55.0,
,,,,,
,,,0.0,0.0,0.0
,,,0.0,0.0,0.0
,,,24.0,312.0,
,,,0.0,0.0,0.0
,,,,,
,,,,,
,,,153.0,2001.0,1920.0
,,,,,
,,,6.0,75.0,
,,,0.0,0.0,0.0
,,,,,
,,,0.0,0.0,0.0
,,,0.0,0.0,0.0
,,,0.0,0.0,0.0
,,,0.0,0.0,0.0
,,,0.0,0.0,0.0
,,,0.0,0.0,0.0
,,,9.0,124.0,
,,,0.0,0.0,0.0
,,,0.0,0.0,0.0
,,,,,
,,,,,
,,,0.0,0.0,0.0
,,,0.0,0.0,0.0
,,,0.0,0.0,0.0
,,,7.0,100.0,
,,,6.0,72.0,
,,,37.0,484.0,465.0
,,,0.0,0.0,0.0
,,,7.0,194.0,191.0
,,,19.0,481.0,473.0
,,,,,
,,,0.0,0.0,0.0
,,,0.0,0.0,0.0
,,,0.0,0.0,0.0
,,,0.0,0.0,0.0
,,,,,
,,,,,
,,,0.0,0.0,0.0
,,,0.0,0.0,0.0
,,,0.0,0.0,0.0
,,,0.0,0.0,0.0
,,,0.0,0.0,0.0
,,,0.0,0.0,0.0
,,,,,
,,,55.0,1530.0,1507.0
,,,,,
,,,0.0,0.0,0.0
,,,0.0,0.0,0.0
,,,0.0,0.0,0.0
,,,,,
,,,0.0,0.0,0.0
,,,0.0,0.0,0.0
,,,0.0,0.0,0.0
,,,0.0,0.0,0.0
,,,0.0,0.0,0.0
,,,,,
,,,0.0,0.0,0.0
,,,0.0,0.0,0.0
,,,0.0,0.0,0.0
,,,0.0,0.0,0.0
,,,0.0,0.0,0.0
,,,,,
,,,,,
,,,0.0,0.0,0.0
,,,12.0,287.0,282.0
,,,0.0,0.0,0.0
,,,0.0,0.0,0.0
,,,0.0,0.0,0.0
,,,,149.0,144.0
,,,0.0,0.0,0.0
,,,,,
,,,,,
,,,0.0,0.0,0.0
,,,,,
,,,0.0,0.0,0.0
,,,0.0,0.0,0.0
,,,4.0,97.0,96.0
,,,0.0,0.0,0.0
,,,,,
,,,0.0,0.0,0.0
,,,0.0,0.0,0.0
,,,,,
,,,0.0,0.0,0.0
,,,,,
,,,0.0,0.0,0.0
,,,0.0,0.0,0.0
,,,0.0,0.0,0.0
,,,0.0,0.0,0.0
,,,0.0,0.0,0.0
,,,0.0,0.0,0.0
,,,0.0,0.0,0.0
,,,,,
,,,0.0,0.0,0.0
,,,0.0,0.0,0.0
,,,0.0,0.0,0.0
,,,,,
,,,0.0,0.0,0.0
,,,0.0,0.0,0.0
,,,0.0,0.0,0.0
,,,,,
,,,0.0,0.0,0.0
,,,0.0,0.0,0.0
,,,0.0,0.0,0.0
,,,0.0,0.0,0.0
,,,0.0,0.0,0.0
,,,,,
,,,0.0,0.0,0.0
,,,0.0,0.0,0.0
,,,,,
,,,,,
,,,0.0,0.0,0.0
,,,0.0,0.0,0.0
,,,0.0,0.0,0.0
,,,0.0,0.0,0.0
,,,,,
,,,0.0,0.0,0.0
,,,0.0,0.0,0.0
,,,0.0,0.0,0.0
,,,0.0,0.0,0.0
,,,0.0,0.0,0.0
,,,0.0,0.0,0.0
,,,0.0,0.0,0.0
,,,0.0,0.0,0.0
,,,,,
,,,,,
,,,0.0,0.0,0.0
,,,,,
,,,,,
,,,0.0,0.0,0.0
,,,0.0,0.0,0.0
,,,0.0,0.0,0.0
,,,0.0,0.0,0.0
,,,0.0,0.0,0.0
,,,10.0,,283.0
,,,0.0,0.0,0.0
,,,0.0,0.0,0.0
,,,0.0,0.0,0.0
,,,50.0,1380.0,1358.0
,,,,,
,,,4.0,,
,,,0.0,0.0,0.0
,,,0.0,0.0,0.0
,,,0.0,0.0,0.0
,,,0.0,0.0,0.0
,,,0.0,0.0,0.0
,,,0.0,0.0,0.0
,,,0.0,0.0,0.0
,,,0.0,0.0,0.0
,,,4.0,97.0,96.0
,,,0.0,0.0,0.0
,,,0.0,0.0,0.0
,,,0.0,0.0,0.0
,,,0.0,0.0,0.0
,,,0.0,0.0,0.0
,,,0.0,0.0,0.0
,,,0.0,0.0,0.0
,,,,,
,,,,,
,,,,339.0,
,,,,,
,,,0.0,0.0,0.0
,,,0.0,0.0,0.0
,,,0.0,0.0,0.0
,,,0.0,0.0,0.0
,,,0.0,0.0,0.0
,,,0.0,0.0,0.0
,,,0.0,0.0,0.0
,,,0.0,0.0,0.0
,,,0.0,0.0,0.0
,,,0.0,0.0,0.0
,,,0.0,0.0,0.0
,,,0.0,0.0,0.0
,,,0.0,0.0,0.0
,,,0.0,0.0,0.0
,,,0.0,0.0,0.0
,,,0.0,0.0,0.0
,,,,,
,,,0.0,0.0,0.0
,,,0.0,0.0,0.0
,,,0.0,0.0,0.0
,,,0.0,0.0,0.0
,,,0.0,0.0,0.0
,,,0.0,0.0,0.0
,,,0.0,0.0,0.0
,,,0.0,0.0,0.0
,,,0.0,0.0,0.0
,,,0.0,0.0,0.0
,,,0.0,0.0,0.0
,,,0.0,0.0,0.0
,,,0.0,0.0,0.0
,,,0.0,0.0,0.0
,,,0.0,0.0,0.0
,,,0.0,0.0,0.0
,,,0.0,0.0,0.0
,,,0.0,0.0,0.0
,,,0.0,0.0,0.0
,,,0.0,0.0,0.0
,,,0.0,0.0,0.0
,,,0.0,0.0,0.0
,,,0.0,0.0,0.0
,,,0.0,0.0,0.0
,,,0.0,0.0,0.0
,,,0.0,0.0,0.0
,,,0.0,0.0,0.0
,,,0.0,0.0,0.0
,,,0.0,0.0,0.0
,,,0.0,0.0,0.0
,,,0.0,0.0,0.0
,,,0.0,0.0,0.0
,,,0.0,0.0,0.0
,,,0.0,0.0,0.0
,,,0.0,0.0,0.0
,,,0.0,0.0,0.0
,,,0.0,0.0,0.0
,,,0.0,0.0,0.0
,,,0.0,0.0,0.0
,,,0.0,0.0,0.0
,,,0.0,0.0,0.0
,,,0.0,0.0,0.0
,,,0.0,0.0,0.0
,,,0.0,0.0,0.0
,,,0.0,0.0,0.0
,,,0.0,0.0,0.0
,,,,,
,,,0.0,0.0,0.0
,,,0.0,0.0,0.0
,,,0.0,0.0,0.0
,,,0.0,0.0,0.0
,,,0.0,0.0,0.0
,,,0.0,0.0,0.0
,,,0.0,0.0,0.0
,,,0.0,0.0,0.0
,,,0.0,0.0,0.0
,,,0.0,0.0,0.0
,,,0.0,0.0,0.0
,,,0.0,0.0,0.0
,,,0.0,0.0,0.0
,,,0.0,0.0,0.0
,,,0.0,0.0,0.0
,,,0.0,0.0,0.0
,,,0.0,0.0,0.0
,,,0.0,0.0,0.0
,,,0.0,0.0,0.0
,,,0.0,0.0,0.0
,,,0.0,0.0,0.0
,,,0.0,0.0,0.0
,,,0.0,0.0,0.0
,,,0.0,0.0,0.0
,,,0.0,0.0,0.0
,,,0.0,0.0,0.0
,,,0.0,0.0,0.0
,,,0.0,0.0,0.0
,,,0.0,0.0,0.0
,,,0.0,0.0,0.0
,,,0.0,0.0,0.0
,,,0.0,0.0,0.0
,,,0.0,0.0,0.0
,,,0.0,0.0,0.0
,,,0.0,0.0,0.0
,,,0.0,0.0,0.0
,,,0.0,0.0,0.0
,,,0.0,0.0,0.0
,,,0.0,0.0,0.0
,,,0.0,0.0,0.0
,,,0.0,0.0,0.0
,,,0.0,0.0,0.0
,,,0.0,0.0,0.0
,,,0.0,0.0,0.0
,,,0.0,0.0,0.0
,,,0.0,0.0,0.0
,,,0.0,0.0,0.0
,,,0.0,0.0,0.0
,,,0.0,0.0,0.0
,,,0.0,0.0,0.0
,,,0.0,0.0,0.0
,,,0.0,0.0,0.0
,,,0.0,0.0,0.0
,,,0.0,0.0,0.0
,,,0.0,0.0,0.0
,,,,,
,,,0.0,0.0,0.0
,,,0.0,0.0,0.0
,,,0.0,0.0,0.0
,,,0.0,0.0,0.0
,,,0.0,0.0,0.0
,,,0.0,0.0,0.0
,,,0.0,0.0,0.0
,,,0.0,0.0,0.0
,,,0.0,0.0,0.0
,,,0.0,0.0,0.0
,,,0.0,0.0,0.0
,,,0.0,0.0,0.0
,,,7.0,868.0,864.0
,,,7.0,868.0,864.0
,,,0.0,0.0,0.0
,,,0.0,0.0,0.0
,,,0.0,0.0,0.0
,,,,,
,,,0.0,0.0,0.0
,,,0.0,0.0,0.0
,,,4.0,374.0,374.0
,,,0.0,0.0,0.0
,,,0.0,0.0,0.0
,,,0.0,0.0,0.0
,,,0.0,0.0,0.0
,,,0.0,0.0,0.0
,,,0.0,0.0,0.0
,,,0.0,0.0,0.0
,,,,,
,,,0.0,0.0,0.0
,,,0.0,0.0,0.0
,,,,,
,,,0.0,0.0,0.0
,,,0.0,0.0,0.0
,,,0.0,0.0,0.0
,,,0.0,0.0,0.0
,,,0.0,0.0,0.0
,,,0.0,0.0,0.0
,,,0.0,0.0,0.0
,,,,,
,,,0.0,0.0,0.0
,,,0.0,0.0,0.0
,,,0.0,0.0,0.0
,,,0.0,0.0,0.0
,,,,,
,,,0.0,0.0,0.0
,,,0.0,0.0,0.0
,,,,,
,,,0.0,0.0,0.0
,,,0.0,0.0,0.0
,,,0.0,0.0,0.0
,,,,,
,,,,,
,,,0.0,0.0,0.0
,,,0.0,0.0,0.0
,,,0.0,0.0,0.0
,,,0.0,0.0,0.0
,,,,,
,,,0.0,0.0,0.0
,,,0.0,0.0,0.0
,,,,,
,,,0.0,0.0,0.0
,,,0.0,0.0,0.0
,,,0.0,0.0,0.0
,,,0.0,0.0,0.0
,,,0.0,0.0,0.0
,,,0.0,0.0,0.0
,,,0.0,0.0,0.0
,,,0.0,0.0,0.0
,,,0.0,0.0,0.0
,,,0.0,0.0,0.0
,,,0.0,0.0,0.0
,,,0.0,0.0,0.0
,,,0.0,0.0,0.0
,,,0.0,0.0,0.0
,,,,,
,,,0.0,0.0,0.0
,,,0.0,0.0,0.0
,,,0.0,0.0,0.0
,,,0.0,0.0,0.0
,,,0.0,0.0,0.0
,,,0.0,0.0,0.0
,,,0.0,0.0,0.0
,,,0.0,0.0,0.0
,,,0.0,0.0,0.0
,,,0.0,0.0,0.0
,,,0.0,0.0,0.0
,,,0.0,0.0,0.0
,,,0.0,0.0,0.0
,,,,,
,,,0.0,0.0,0.0
,,,,,
,,,0.0,0.0,0.0
,,,0.0,0.0,0.0
,,,0.0,0.0,0.0
,,,,,
,,,,,
,,,0.0,0.0,0.0
,,,,,
,,,0.0,0.0,0.0
,,,0.0,0.0,0.0
,,,,,
,,,,,
,,,0.0,0.0,0.0
,,,0.0,0.0,0.0
,,,0.0,0.0,0.0
,,,0.0,0.0,0.0
,,,,,
,,,,,
,,,0.0,0.0,0.0
,,,0.0,0.0,0.0
,,,0.0,0.0,0.0
,,,0.0,0.0,0.0
,,,,,
,,,0.0,0.0,0.0
,,,0.0,0.0,0.0
,,,0.0,0.0,0.0
,,,,,
,,,0.0,0.0,0.0
,,,0.0,0.0,0.0
,,,,,
,,,19.0,2076.0,2072.0
,,,,,
,,,0.0,0.0,0.0
,,,0.0,0.0,0.0
,,,0.0,0.0,0.0
,,,0.0,0.0,0.0
,,,0.0,0.0,0.0
,,,0.0,0.0,0.0
,,,0.0,0.0,0.0
,,,0.0,0.0,0.0
,,,0.0,0.0,0.0
,,,,,
,,,0.0,0.0,0.0
,,,0.0,0.0,0.0
,,,0.0,0.0,0.0
,,,0.0,0.0,0.0
,,,0.0,0.0,0.0
,,,,,
,,,0.0,0.0,0.0
,,,0.0,0.0,0.0
,,,0.0,0.0,0.0
,,,,,
,,,0.0,0.0,0.0
,,,308.0,1524.0,1270.0
,,,1916.0,5784.0,4384.0
,,,527.0,620.0,202.0
,,,258.0,154.0,64.0
,,,7.0,,
,,,90.0,151.0,128.0
,,,44.0,0.0,0.0
,,,1054.0,796.0,307.0
,,,1456.0,1906.0,968.0
,,,163.0,133.0,42.0
,,,188.0,162.0,55.0
,,,,0.0,0.0
,,,676.0,594.0,223.0
,,,696.0,,
,,,1004.0,1078.0,
,,,213.0,272.0,
,,,28466.0,35916.0,16454.0
,,,148.0,173.0,81.0
,,,50.0,23.0,
,,,264.0,,
,,,,,
,,,26.0,,
,,,499.0,318.0,155.0
,,,7.0,,
,,,384.0,,
,,,1126.0,777.0,368.0
,,,1126.0,777.0,368.0
,,,4903.0,5392.0,1475.0
,,,576.0,572.0,
,,,897.0,1026.0,259.0
,,,897.0,1026.0,259.0
,,,55.0,11.0,5.0
,,,121.0,178.0,142.0
,,,1099.0,396.0,264.0
,,,1390.0,576.0,341.0
,,,164.0,,305.0
,,,1608.0,4260.0,3114.0
,,,158.0,144.0,40.0
,,,37.0,,
,,,1142.0,,
,,,1494.0,2242.0,
,,,34.0,19.0,6.0
,,,1417.0,1024.0,505.0
,,,1451.0,1043.0,511.0
,,,72.0,72.0,37.0
,,,1775.0,1594.0,894.0
,,,33.0,26.0,13.0
,,,9.0,,
,,,1263.0,,
,,,234.0,270.0,53.0
,,,20.0,30.0,28.0
,,,,,0.0
,,,314.0,442.0,131.0
,,,841.0,1062.0,333.0
,,,11.0,,
,,,1010.0,796.0,307.0
,,,15.0,3.0,3.0
,,,26.0,14.0,3.0
,,,52.0,25.0,8.0
,,,14.0,6.0,
,,,34.0,43.0,32.0
,,,70.0,66.0,15.0
,,,28.0,39.0,28.0
,,,1225.0,1760.0,1017.0
,,,25.0,29.0,13.0
,,,38.0,28.0,16.0
,,,67.0,62.0,
,,,298.0,,
,,,76.0,67.0,24.0
,,,20.0,,
,,,236.0,180.0,
,,,1215.0,1840.0,715.0
,,,754.0,,
,,,241.0,191.0,45.0
,,,51.0,43.0,11.0
,,,127.0,96.0,35.0
,,,167.0,166.0,15.0
,,,346.0,534.0,359.0
,,,,349.0,
,,,29.0,91.0,73.0
,,,3704.0,3550.0,1120.0
,,,23.0,,
,,,144.0,,
,,,1629.0,1389.0,383.0
,,,1629.0,1389.0,383.0
,,,425.0,190.0,
,,,320.0,,
,,,8.0,,
,,,,,62.0
,,,,,
,,,1154.0,1176.0,267.0
,,,134.0,119.0,31.0
,,,,202.0,
,,,51.0,32.0,16.0
,,,23.0,18.0,9.0
,,,44.0,,
,,,358.0,908.0,655.0
,,,69.0,175.0,121.0
,,,130.0,232.0,152.0
,,,282.0,501.0,283.0
,,,85.0,89.0,44.0
,,,657.0,990.0,525.0
,,,200.0,233.0,112.0
,,,56.0,57.0,7.0
,,,235.0,188.0,23.0
,,,2072.0,3373.0,1922.0
,,,74.0,50.0,25.0
,,,48.0,82.0,56.0
,,,86.0,,
,,,22184.0,28629.0,13868.0
,,,524.0,788.0,
,,,308.0,588.0,385.0
,,,286.0,285.0,51.0
,,,380.0,438.0,170.0
,,,20.0,,
,,,64.0,40.0,24.0
,,,11.0,,
,,,69.0,59.0,9.0
,,,60.0,,
,,,,,
,,,1687.0,2055.0,562.0
,,,56.0,50.0,24.0
,,,107.0,93.0,35.0
,,,97.0,176.0,64.0
,,,97.0,176.0,64.0
,,,113.0,108.0,58.0
,,,61.0,96.0,73.0
,,,,,
,,,1034.0,980.0,511.0
,,,735.0,1034.0,442.0
,,,3841.0,5387.0,2875.0
,,,,,48.0
,,,286.0,352.0,106.0
,,,1834.0,3690.0,2321.0
,,,,,152.0
,,,258.0,154.0,64.0
,,,,,
,,,,,
,,,44.0,0.0,0.0
,,,,,244.0
,,,1441.0,,387.0
,,,163.0,133.0,42.0
,,,188.0,162.0,55.0
,,,,0.0,0.0
,,,,,
,,,,,
,,,999.0,1020.0,
,,,,,
,,,28217.0,29342.0,9991.0
,,,,,
,,,50.0,23.0,
,,,,,
,,,,,
,,,,,6.0
,,,499.0,318.0,155.0
,,,7.0,,
,,,,,105.0
,,,,,
,,,,,
,,,4885.0,4975.0,1062.0
,,,576.0,572.0,
,,,,,
,,,,,
,,,55.0,11.0,5.0
,,,,,
,,,,,
,,,,,
,,,,181.0,
,,,1548.0,3338.0,2215.0
,,,158.0,144.0,40.0
,,,,,
,,,1137.0,,305.0
,,,,,
,,,34.0,19.0,6.0
,,,,,
,,,,,
,,,72.0,72.0,37.0
,,,1768.0,1234.0,534.0
,,,33.0,26.0,13.0
,,,9.0,,
,,,1251.0,1338.0,
,,,234.0,270.0,53.0
,,,,,
,,,,,0.0
,,,314.0,442.0,131.0
,,,,,283.0
,,,11.0,,
,,,,,244.0
,,,15.0,3.0,3.0
,,,26.0,14.0,3.0
,,,52.0,25.0,8.0
,,,14.0,6.0,
,,,34.0,43.0,32.0
,,,70.0,66.0,15.0
,,,,,
,,,,,
,,,25.0,29.0,13.0
,,,38.0,28.0,16.0
,,,67.0,62.0,
,,,,,
,,,76.0,67.0,24.0
,,,20.0,,
,,,236.0,180.0,
,,,,1689.0,568.0
,,,,,
,,,,,
,,,51.0,43.0,11.0
,,,127.0,96.0,35.0
,,,167.0,166.0,15.0
,,,343.0,,
,,,,,
,,,,,
,,,3692.0,,958.0
,,,,,
,,,,,
,,,,,
,,,,,
,,,,,
,,,317.0,,62.0
,,,8.0,,
,,,,,
,,,,30.0,5.0
,,,1150.0,1078.0,173.0
,,,134.0,119.0,31.0
,,,,202.0,
,,,51.0,32.0,16.0
,,,23.0,18.0,9.0
,,,,,
,,,340.0,529.0,280.0
,,,64.0,104.0,55.0
,,,,,
,,,,432.0,216.0
,,,85.0,89.0,44.0
,,,652.0,,367.0
,,,,,
,,,56.0,57.0,7.0
,,,235.0,188.0,23.0
,,,,2611.0,1177.0
,,,74.0,50.0,25.0
,,,,,
,,,,,
,,,21962.0,23172.0,8518.0
,,,520.0,579.0,116.0
,,,298.0,,203.0
,,,286.0,285.0,51.0
,,,,,
,,,20.0,,
,,,64.0,40.0,24.0
,,,11.0,,
,,,69.0,59.0,9.0
,,,60.0,,
,,,,11.0,
,,,,,284.0
,,,56.0,50.0,24.0
,,,107.0,93.0,35.0
,,,,,
,,,,,
,,,113.0,108.0,58.0
,,,,,
,,,,,
,,,,,390.0
,,,,,343.0
,,,3790.0,,1910.0
,,,,83.0,
6.0,86.0,0.0,6.0,86.0,85.0
45.0,579.0,0.0,43.0,556.0,531.0
,,0.0,,,
0.0,0.0,0.0,0.0,0.0,0.0
0.0,0.0,0.0,0.0,0.0,0.0
,,0.0,,,
0.0,0.0,0.0,0.0,0.0,0.0
0.0,0.0,0.0,0.0,0.0,0.0
,64.0,0.0,,64.0,64.0
,,0.0,0.0,0.0,0.0
,,0.0,0.0,0.0,0.0
,,0.0,,,
,,0.0,,,
,,0.0,,,
,,0.0,0.0,0.0,0.0
0.0,0.0,0.0,0.0,0.0,0.0
133.0,1696.0,0.0,121.0,1549.0,1474.0
,,0.0,,,
0.0,0.0,0.0,0.0,0.0,0.0
0.0,0.0,0.0,0.0,0.0,0.0
0.0,0.0,0.0,0.0,0.0,0.0
0.0,0.0,0.0,0.0,0.0,0.0
0.0,0.0,0.0,0.0,0.0,0.0
0.0,0.0,0.0,0.0,0.0,0.0
,,0.0,,,
,,0.0,,,
,,0.0,,,
,,0.0,,,
0.0,0.0,0.0,0.0,0.0,0.0
,,0.0,,,
,,0.0,,,
0.0,0.0,0.0,0.0,0.0,0.0
,,0.0,,,
,,0.0,,,
,,0.0,,,
,,0.0,,,
39.0,493.0,0.0,37.0,470.0,446.0
,,0.0,,,
0.0,0.0,0.0,0.0,0.0,0.0
,,0.0,,,
,,0.0,,,
0.0,0.0,0.0,0.0,0.0,0.0
,,0.0,,,
,,0.0,,,
0.0,0.0,0.0,0.0,0.0,0.0
,61.0,0.0,,61.0,
0.0,0.0,0.0,0.0,0.0,0.0
0.0,0.0,0.0,0.0,0.0,0.0
3.0,39.0,0.0,3.0,39.0,38.0
0.0,0.0,0.0,0.0,0.0,0.0
0.0,0.0,0.0,0.0,0.0,0.0
0.0,0.0,0.0,0.0,0.0,0.0
,,0.0,,34.0,25.0
4.0,44.0,0.0,4.0,,
0.0,0.0,0.0,0.0,0.0,0.0
0.0,0.0,0.0,0.0,0.0,0.0
0.0,0.0,0.0,0.0,0.0,0.0
0.0,0.0,0.0,0.0,0.0,0.0
0.0,0.0,0.0,0.0,0.0,0.0
0.0,0.0,0.0,0.0,0.0,0.0
0.0,0.0,0.0,0.0,0.0,0.0
0.0,0.0,0.0,0.0,0.0,0.0
0.0,0.0,0.0,0.0,0.0,0.0
6.0,,0.0,4.0,54.0,53.0
0.0,0.0,0.0,0.0,0.0,0.0
0.0,0.0,0.0,0.0,0.0,0.0
0.0,0.0,0.0,0.0,0.0,0.0
,,0.0,,,
0.0,0.0,0.0,0.0,0.0,0.0
,,0.0,,,
0.0,0.0,0.0,0.0,0.0,0.0
,,0.0,3.0,34.0,29.0
0.0,0.0,0.0,0.0,0.0,0.0
0.0,0.0,0.0,0.0,0.0,0.0
0.0,0.0,0.0,0.0,0.0,0.0
0.0,0.0,0.0,0.0,0.0,0.0
0.0,0.0,0.0,0.0,0.0,0.0
,,0.0,,,
0.0,0.0,0.0,0.0,0.0,0.0
,,0.0,,,
,,0.0,,71.0,60.0
,,0.0,,,
0.0,0.0,0.0,0.0,0.0,0.0
,,0.0,,,
,,0.0,,,
0.0,0.0,0.0,0.0,0.0,0.0
0.0,0.0,0.0,0.0,0.0,0.0
0.0,0.0,0.0,0.0,0.0,0.0
0.0,0.0,0.0,0.0,0.0,0.0
0.0,0.0,0.0,0.0,0.0,0.0
,,0.0,,,
0.0,0.0,0.0,0.0,0.0,0.0
0.0,0.0,0.0,0.0,0.0,0.0
0.0,0.0,0.0,0.0,0.0,0.0
0.0,0.0,0.0,0.0,0.0,0.0
,,0.0,,59.0,57.0
,,0.0,,87.0,82.0
,,0.0,,,
,,0.0,,,
0.0,0.0,0.0,0.0,0.0,0.0
0.0,0.0,0.0,0.0,0.0,0.0
,,0.0,,,
0.0,0.0,0.0,0.0,0.0,0.0
0.0,0.0,0.0,0.0,0.0,0.0
,,0.0,,,
15.0,183.0,0.0,12.0,147.0,139.0
0.0,0.0,0.0,0.0,0.0,0.0
0.0,0.0,0.0,0.0,0.0,0.0
,,0.0,,,
113.0,1440.0,0.0,103.0,1314.0,1247.0
0.0,0.0,0.0,0.0,0.0,0.0
,,0.0,,85.0,81.0
0.0,0.0,0.0,0.0,0.0,0.0
,,0.0,0.0,0.0,0.0
0.0,0.0,0.0,0.0,0.0,0.0
,,0.0,,,
,,0.0,,,
,,0.0,0.0,0.0,0.0
0.0,0.0,0.0,0.0,0.0,0.0
0.0,0.0,0.0,0.0,0.0,0.0
,,0.0,,,
0.0,0.0,0.0,0.0,0.0,0.0
0.0,0.0,0.0,0.0,0.0,0.0
0.0,0.0,0.0,0.0,0.0,0.0
0.0,0.0,0.0,0.0,0.0,0.0
0.0,0.0,0.0,0.0,0.0,0.0
,,0.0,,,
0.0,0.0,0.0,0.0,0.0,0.0
,75.0,0.0,,42.0,42.0
,,0.0,,,
22.0,,0.0,16.0,,
0.0,0.0,0.0,0.0,0.0,0.0
,,0.0,,139.0,139.0
14.0,368.0,0.0,14.0,368.0,363.0
0.0,0.0,0.0,0.0,0.0,0.0
0.0,0.0,0.0,0.0,0.0,0.0
0.0,0.0,0.0,0.0,0.0,0.0
0.0,0.0,0.0,0.0,0.0,0.0
,,0.0,,,
,,0.0,,,
3.0,,0.0,3.0,111.0,
0.0,0.0,0.0,0.0,0.0,0.0
0.0,0.0,0.0,0.0,0.0,0.0
0.0,0.0,0.0,0.0,0.0,0.0
0.0,0.0,0.0,0.0,0.0,0.0
0.0,0.0,0.0,0.0,0.0,0.0
0.0,0.0,0.0,0.0,0.0,0.0
0.0,0.0,0.0,0.0,0.0,0.0
38.0,1027.0,0.0,38.0,,
0.0,0.0,0.0,0.0,0.0,0.0
0.0,0.0,0.0,0.0,0.0,0.0
,,0.0,,,
0.0,0.0,0.0,0.0,0.0,0.0
0.0,0.0,0.0,0.0,0.0,0.0
0.0,0.0,0.0,0.0,0.0,0.0
0.0,0.0,0.0,0.0,0.0,0.0
0.0,0.0,0.0,0.0,0.0,0.0
0.0,0.0,0.0,0.0,0.0,0.0
0.0,0.0,0.0,0.0,0.0,0.0
,,0.0,,,
0.0,0.0,0.0,0.0,0.0,0.0
,,0.0,,,
,,0.0,,,
0.0,0.0,0.0,0.0,0.0,0.0
,,0.0,,,
,,0.0,,,
,,0.0,,,
,,0.0,,,
,,0.0,,229.0,224.0
0.0,0.0,0.0,0.0,0.0,0.0
0.0,0.0,0.0,0.0,0.0,0.0
0.0,0.0,0.0,0.0,0.0,0.0
,,0.0,,,
0.0,0.0,0.0,0.0,0.0,0.0
0.0,0.0,0.0,0.0,0.0,0.0
0.0,0.0,0.0,0.0,0.0,0.0
0.0,0.0,0.0,0.0,0.0,0.0
,,0.0,,,
0.0,0.0,0.0,0.0,0.0,0.0
0.0,0.0,0.0,0.0,0.0,0.0
0.0,0.0,0.0,0.0,0.0,0.0
0.0,0.0,0.0,0.0,0.0,0.0
0.0,0.0,0.0,0.0,0.0,0.0
,,0.0,,,
0.0,0.0,0.0,0.0,0.0,0.0
0.0,0.0,0.0,0.0,0.0,0.0
0.0,0.0,0.0,0.0,0.0,0.0
,,0.0,,,
0.0,0.0,0.0,0.0,0.0,0.0
0.0,0.0,0.0,0.0,0.0,0.0
0.0,0.0,0.0,0.0,0.0,0.0
0.0,0.0,0.0,0.0,0.0,0.0
0.0,0.0,0.0,0.0,0.0,0.0
0.0,0.0,0.0,0.0,0.0,0.0
0.0,0.0,0.0,0.0,0.0,0.0
3.0,84.0,0.0,3.0,84.0,83.0
0.0,0.0,0.0,0.0,0.0,0.0
0.0,0.0,0.0,0.0,0.0,0.0
0.0,0.0,0.0,0.0,0.0,0.0
0.0,0.0,0.0,0.0,0.0,0.0
0.0,0.0,0.0,0.0,0.0,0.0
0.0,0.0,0.0,0.0,0.0,0.0
0.0,0.0,0.0,0.0,0.0,0.0
0.0,0.0,0.0,0.0,0.0,0.0
,,0.0,,,
,,0.0,,,
0.0,0.0,0.0,0.0,0.0,0.0
0.0,0.0,0.0,0.0,0.0,0.0
0.0,0.0,0.0,0.0,0.0,0.0
,,0.0,,,
,,0.0,,,
,,0.0,,,
,,0.0,,110.0,107.0
0.0,0.0,0.0,0.0,0.0,0.0
0.0,0.0,0.0,0.0,0.0,0.0
,,0.0,,,
,,0.0,,,
0.0,0.0,0.0,0.0,0.0,0.0
0.0,0.0,0.0,0.0,0.0,0.0
0.0,0.0,0.0,0.0,0.0,0.0
0.0,0.0,0.0,0.0,0.0,0.0
0.0,0.0,0.0,0.0,0.0,0.0
,,0.0,,,
0.0,0.0,0.0,0.0,0.0,0.0
0.0,0.0,0.0,0.0,0.0,0.0
0.0,0.0,0.0,0.0,0.0,0.0
0.0,0.0,0.0,0.0,0.0,0.0
0.0,0.0,0.0,0.0,0.0,0.0
,,0.0,,,
0.0,0.0,0.0,0.0,0.0,0.0
0.0,0.0,0.0,0.0,0.0,0.0
,,0.0,,,
0.0,0.0,0.0,0.0,0.0,0.0
,,0.0,,,
0.0,0.0,0.0,0.0,0.0,0.0
0.0,0.0,0.0,0.0,0.0,0.0
0.0,0.0,0.0,0.0,0.0,0.0
,,0.0,,,
0.0,0.0,0.0,0.0,0.0,0.0
0.0,0.0,0.0,0.0,0.0,0.0
,,0.0,,,
,,0.0,,,
,,0.0,,,
,,0.0,,,
0.0,0.0,0.0,0.0,0.0,0.0
0.0,0.0,0.0,0.0,0.0,0.0
0.0,0.0,0.0,0.0,0.0,0.0
0.0,0.0,0.0,0.0,0.0,0.0
,,0.0,,,
,,0.0,,,
0.0,0.0,0.0,0.0,0.0,0.0
0.0,0.0,0.0,0.0,0.0,0.0
,,0.0,,,
0.0,0.0,0.0,0.0,0.0,0.0
0.0,0.0,0.0,0.0,0.0,0.0
,,0.0,,,
,,0.0,,,
0.0,0.0,0.0,0.0,0.0,0.0
0.0,0.0,0.0,0.0,0.0,0.0
0.0,0.0,0.0,0.0,0.0,0.0
,,0.0,,,
,,0.0,,,
,148.0,0.0,,148.0,144.0
0.0,0.0,0.0,0.0,0.0,0.0
0.0,0.0,0.0,0.0,0.0,0.0
0.0,0.0,0.0,0.0,0.0,0.0
0.0,0.0,0.0,0.0,0.0,0.0
0.0,0.0,0.0,0.0,0.0,0.0
0.0,0.0,0.0,0.0,0.0,0.0
0.0,0.0,0.0,0.0,0.0,0.0
0.0,0.0,0.0,0.0,0.0,0.0
0.0,0.0,0.0,0.0,0.0,0.0
0.0,0.0,0.0,0.0,0.0,0.0
0.0,0.0,0.0,0.0,0.0,0.0
0.0,0.0,0.0,0.0,0.0,0.0
0.0,0.0,0.0,0.0,0.0,0.0
0.0,0.0,0.0,0.0,0.0,0.0
0.0,0.0,0.0,0.0,0.0,0.0
0.0,0.0,0.0,0.0,0.0,0.0
0.0,0.0,0.0,0.0,0.0,0.0
,,0.0,,,
0.0,0.0,0.0,0.0,0.0,0.0
0.0,0.0,0.0,0.0,0.0,0.0
0.0,0.0,0.0,0.0,0.0,0.0
0.0,0.0,0.0,0.0,0.0,0.0
0.0,0.0,0.0,0.0,0.0,0.0
0.0,0.0,0.0,0.0,0.0,0.0
0.0,0.0,0.0,0.0,0.0,0.0
0.0,0.0,0.0,0.0,0.0,0.0
0.0,0.0,0.0,0.0,0.0,0.0
0.0,0.0,0.0,0.0,0.0,0.0
0.0,0.0,0.0,0.0,0.0,0.0
0.0,0.0,0.0,0.0,0.0,0.0
0.0,0.0,0.0,0.0,0.0,0.0
0.0,0.0,0.0,0.0,0.0,0.0
0.0,0.0,0.0,0.0,0.0,0.0
0.0,0.0,0.0,0.0,0.0,0.0
0.0,0.0,0.0,0.0,0.0,0.0
0.0,0.0,0.0,0.0,0.0,0.0
0.0,0.0,0.0,0.0,0.0,0.0
0.0,0.0,0.0,0.0,0.0,0.0
0.0,0.0,0.0,0.0,0.0,0.0
0.0,0.0,0.0,0.0,0.0,0.0
0.0,0.0,0.0,0.0,0.0,0.0
0.0,0.0,0.0,0.0,0.0,0.0
0.0,0.0,0.0,0.0,0.0,0.0
0.0,0.0,0.0,0.0,0.0,0.0
0.0,0.0,0.0,0.0,0.0,0.0
0.0,0.0,0.0,0.0,0.0,0.0
0.0,0.0,0.0,0.0,0.0,0.0
0.0,0.0,0.0,0.0,0.0,0.0
0.0,0.0,0.0,0.0,0.0,0.0
0.0,0.0,0.0,0.0,0.0,0.0
0.0,0.0,0.0,0.0,0.0,0.0
0.0,0.0,0.0,0.0,0.0,0.0
0.0,0.0,0.0,0.0,0.0,0.0
0.0,0.0,0.0,0.0,0.0,0.0
0.0,0.0,0.0,0.0,0.0,0.0
0.0,0.0,0.0,0.0,0.0,0.0
0.0,0.0,0.0,0.0,0.0,0.0
0.0,0.0,0.0,0.0,0.0,0.0
0.0,0.0,0.0,0.0,0.0,0.0
0.0,0.0,0.0,0.0,0.0,0.0
0.0,0.0,0.0,0.0,0.0,0.0
0.0,0.0,0.0,0.0,0.0,0.0
0.0,0.0,0.0,0.0,0.0,0.0
0.0,0.0,0.0,0.0,0.0,0.0
0.0,0.0,0.0,0.0,0.0,0.0
0.0,0.0,0.0,0.0,0.0,0.0
0.0,0.0,0.0,0.0,0.0,0.0
0.0,0.0,0.0,0.0,0.0,0.0
0.0,0.0,0.0,0.0,0.0,0.0
0.0,0.0,0.0,0.0,0.0,0.0
0.0,0.0,0.0,0.0,0.0,0.0
0.0,0.0,0.0,0.0,0.0,0.0
0.0,0.0,0.0,0.0,0.0,0.0
0.0,0.0,0.0,0.0,0.0,0.0
0.0,0.0,0.0,0.0,0.0,0.0
0.0,0.0,0.0,0.0,0.0,0.0
0.0,0.0,0.0,0.0,0.0,0.0
0.0,0.0,0.0,0.0,0.0,0.0
0.0,0.0,0.0,0.0,0.0,0.0
0.0,0.0,0.0,0.0,0.0,0.0
0.0,0.0,0.0,0.0,0.0,0.0
0.0,0.0,0.0,0.0,0.0,0.0
0.0,0.0,0.0,0.0,0.0,0.0
0.0,0.0,0.0,0.0,0.0,0.0
0.0,0.0,0.0,0.0,0.0,0.0
0.0,0.0,0.0,0.0,0.0,0.0
0.0,0.0,0.0,0.0,0.0,0.0
0.0,0.0,0.0,0.0,0.0,0.0
0.0,0.0,0.0,0.0,0.0,0.0
0.0,0.0,0.0,0.0,0.0,0.0
0.0,0.0,0.0,0.0,0.0,0.0
0.0,0.0,0.0,0.0,0.0,0.0
0.0,0.0,0.0,0.0,0.0,0.0
0.0,0.0,0.0,0.0,0.0,0.0
0.0,0.0,0.0,0.0,0.0,0.0
0.0,0.0,0.0,0.0,0.0,0.0
0.0,0.0,0.0,0.0,0.0,0.0
0.0,0.0,0.0,0.0,0.0,0.0
0.0,0.0,0.0,0.0,0.0,0.0
0.0,0.0,0.0,0.0,0.0,0.0
0.0,0.0,0.0,0.0,0.0,0.0
0.0,0.0,0.0,0.0,0.0,0.0
0.0,0.0,0.0,0.0,0.0,0.0
0.0,0.0,0.0,0.0,0.0,0.0
0.0,0.0,0.0,0.0,0.0,0.0
0.0,0.0,0.0,0.0,0.0,0.0
0.0,0.0,0.0,0.0,0.0,0.0
0.0,0.0,0.0,0.0,0.0,0.0
0.0,0.0,0.0,0.0,0.0,0.0
0.0,0.0,0.0,0.0,0.0,0.0
,,0.0,,,
0.0,0.0,0.0,0.0,0.0,0.0
0.0,0.0,0.0,0.0,0.0,0.0
0.0,0.0,0.0,0.0,0.0,0.0
0.0,0.0,0.0,0.0,0.0,0.0
0.0,0.0,0.0,0.0,0.0,0.0
0.0,0.0,0.0,0.0,0.0,0.0
0.0,0.0,0.0,0.0,0.0,0.0
0.0,0.0,0.0,0.0,0.0,0.0
0.0,0.0,0.0,0.0,0.0,0.0
0.0,0.0,0.0,0.0,0.0,0.0
0.0,0.0,0.0,0.0,0.0,0.0
0.0,0.0,0.0,0.0,0.0,0.0
0.0,0.0,0.0,0.0,0.0,0.0
0.0,0.0,0.0,0.0,0.0,0.0
0.0,0.0,0.0,0.0,0.0,0.0
0.0,0.0,0.0,0.0,0.0,0.0
0.0,0.0,0.0,0.0,0.0,0.0
0.0,0.0,0.0,0.0,0.0,0.0
0.0,0.0,0.0,0.0,0.0,0.0
,,0.0,,,
,,0.0,,,
0.0,0.0,0.0,0.0,0.0,0.0
,,0.0,,226.0,
5.0,364.0,0.0,4.0,,301.0
0.0,0.0,0.0,0.0,0.0,0.0
0.0,0.0,0.0,0.0,0.0,0.0
0.0,0.0,0.0,0.0,0.0,0.0
0.0,0.0,0.0,0.0,0.0,0.0
0.0,0.0,0.0,0.0,0.0,0.0
0.0,0.0,0.0,0.0,0.0,0.0
,,0.0,,,
0.0,0.0,0.0,0.0,0.0,0.0
0.0,0.0,0.0,0.0,0.0,0.0
0.0,0.0,0.0,0.0,0.0,0.0
0.0,0.0,0.0,0.0,0.0,0.0
0.0,0.0,0.0,0.0,0.0,0.0
0.0,0.0,0.0,0.0,0.0,0.0
0.0,0.0,0.0,0.0,0.0,0.0
,,0.0,,606.0,604.0
0.0,0.0,0.0,0.0,0.0,0.0
0.0,0.0,0.0,0.0,0.0,0.0
,,0.0,,,
0.0,0.0,0.0,0.0,0.0,0.0
0.0,0.0,0.0,0.0,0.0,0.0
0.0,0.0,0.0,0.0,0.0,0.0
0.0,0.0,0.0,0.0,0.0,0.0
0.0,0.0,0.0,0.0,0.0,0.0
0.0,0.0,0.0,0.0,0.0,0.0
0.0,0.0,0.0,0.0,0.0,0.0
0.0,0.0,0.0,0.0,0.0,0.0
0.0,0.0,0.0,0.0,0.0,0.0
0.0,0.0,0.0,0.0,0.0,0.0
0.0,0.0,0.0,0.0,0.0,0.0
,,0.0,,,
0.0,0.0,0.0,0.0,0.0,0.0
0.0,0.0,0.0,0.0,0.0,0.0
0.0,0.0,0.0,0.0,0.0,0.0
0.0,0.0,0.0,0.0,0.0,0.0
,,0.0,,,
0.0,0.0,0.0,0.0,0.0,0.0
0.0,0.0,0.0,0.0,0.0,0.0
0.0,0.0,0.0,0.0,0.0,0.0
0.0,0.0,0.0,0.0,0.0,0.0
0.0,0.0,0.0,0.0,0.0,0.0
0.0,0.0,0.0,0.0,0.0,0.0
0.0,0.0,0.0,0.0,0.0,0.0
0.0,0.0,0.0,0.0,0.0,0.0
0.0,0.0,0.0,0.0,0.0,0.0
0.0,0.0,0.0,0.0,0.0,0.0
0.0,0.0,0.0,0.0,0.0,0.0
0.0,0.0,0.0,0.0,0.0,0.0
0.0,0.0,0.0,0.0,0.0,0.0
0.0,0.0,0.0,0.0,0.0,0.0
0.0,0.0,0.0,0.0,0.0,0.0
0.0,0.0,0.0,0.0,0.0,0.0
0.0,0.0,0.0,0.0,0.0,0.0
0.0,0.0,0.0,0.0,0.0,0.0
0.0,0.0,0.0,0.0,0.0,0.0
0.0,0.0,0.0,0.0,0.0,0.0
0.0,0.0,0.0,0.0,0.0,0.0
0.0,0.0,0.0,0.0,0.0,0.0
0.0,0.0,0.0,0.0,0.0,0.0
0.0,0.0,0.0,0.0,0.0,0.0
0.0,0.0,0.0,0.0,0.0,0.0
0.0,0.0,0.0,0.0,0.0,0.0
0.0,0.0,0.0,0.0,0.0,0.0
0.0,0.0,0.0,0.0,0.0,0.0
0.0,0.0,0.0,0.0,0.0,0.0
0.0,0.0,0.0,0.0,0.0,0.0
0.0,0.0,0.0,0.0,0.0,0.0
0.0,0.0,0.0,0.0,0.0,0.0
0.0,0.0,0.0,0.0,0.0,0.0
0.0,0.0,0.0,0.0,0.0,0.0
0.0,0.0,0.0,0.0,0.0,0.0
0.0,0.0,0.0,0.0,0.0,0.0
0.0,0.0,0.0,0.0,0.0,0.0
0.0,0.0,0.0,0.0,0.0,0.0
0.0,0.0,0.0,0.0,0.0,0.0
0.0,0.0,0.0,0.0,0.0,0.0
0.0,0.0,0.0,0.0,0.0,0.0
0.0,0.0,0.0,0.0,0.0,0.0
0.0,0.0,0.0,0.0,0.0,0.0
0.0,0.0,0.0,0.0,0.0,0.0
0.0,0.0,0.0,0.0,0.0,0.0
0.0,0.0,0.0,0.0,0.0,0.0
,,0.0,,,
,,0.0,,,
0.0,0.0,0.0,0.0,0.0,0.0
0.0,0.0,0.0,0.0,0.0,0.0
0.0,0.0,0.0,0.0,0.0,0.0
0.0,0.0,0.0,0.0,0.0,0.0
0.0,0.0,0.0,0.0,0.0,0.0
,,0.0,,,
0.0,0.0,0.0,0.0,0.0,0.0
0.0,0.0,0.0,0.0,0.0,0.0
0.0,0.0,0.0,0.0,0.0,0.0
0.0,0.0,0.0,0.0,0.0,0.0
0.0,0.0,0.0,0.0,0.0,0.0
0.0,0.0,0.0,0.0,0.0,0.0
0.0,0.0,0.0,0.0,0.0,0.0
0.0,0.0,0.0,0.0,0.0,0.0
0.0,0.0,0.0,0.0,0.0,0.0
0.0,0.0,0.0,0.0,0.0,0.0
,,0.0,,,
0.0,0.0,0.0,0.0,0.0,0.0
0.0,0.0,0.0,0.0,0.0,0.0
0.0,0.0,0.0,0.0,0.0,0.0
,,0.0,,,
0.0,0.0,0.0,0.0,0.0,0.0
0.0,0.0,0.0,0.0,0.0,0.0
0.0,0.0,0.0,0.0,0.0,0.0
8.0,,0.0,7.0,,
,,0.0,,,
0.0,0.0,0.0,0.0,0.0,0.0
0.0,0.0,0.0,0.0,0.0,0.0
0.0,0.0,0.0,0.0,0.0,0.0
0.0,0.0,0.0,0.0,0.0,0.0
0.0,0.0,0.0,0.0,0.0,0.0
0.0,0.0,0.0,0.0,0.0,0.0
0.0,0.0,0.0,0.0,0.0,0.0
0.0,0.0,0.0,0.0,0.0,0.0
0.0,0.0,0.0,0.0,0.0,0.0
0.0,0.0,0.0,0.0,0.0,0.0
0.0,0.0,0.0,0.0,0.0,0.0
0.0,0.0,0.0,0.0,0.0,0.0
0.0,0.0,0.0,0.0,0.0,0.0
0.0,0.0,0.0,0.0,0.0,0.0
0.0,0.0,0.0,0.0,0.0,0.0
0.0,0.0,0.0,0.0,0.0,0.0
0.0,0.0,0.0,0.0,0.0,0.0
0.0,0.0,0.0,0.0,0.0,0.0
0.0,0.0,0.0,0.0,0.0,0.0
,,0.0,,,
0.0,0.0,0.0,0.0,0.0,0.0
406.0,921.0,0.0,313.0,801.0,547.0
2043.0,4403.0,0.0,1750.0,4083.0,2807.0
603.0,608.0,0.0,468.0,507.0,139.0
369.0,193.0,0.0,259.0,154.0,58.0
8.0,10.0,0.0,4.0,,
128.0,82.0,0.0,108.0,75.0,53.0
97.0,,0.0,53.0,,
1449.0,886.0,0.0,1121.0,775.0,313.0
2209.0,1736.0,0.0,1595.0,1468.0,598.0
230.0,182.0,0.0,175.0,141.0,
261.0,197.0,0.0,200.0,152.0,
11.0,17.0,0.0,7.0,,
870.0,653.0,0.0,716.0,545.0,
900.0,673.0,0.0,742.0,562.0,
1296.0,1222.0,0.0,972.0,939.0,147.0
298.0,272.0,0.0,229.0,212.0,52.0
37967.0,36724.0,0.0,28971.0,31105.0,11956.0
180.0,152.0,0.0,137.0,124.0,53.0
70.0,15.0,0.0,40.0,,
280.0,444.0,0.0,224.0,390.0,192.0
5.0,,0.0,3.0,,0.0
34.0,19.0,0.0,27.0,17.0,5.0
573.0,328.0,0.0,498.0,290.0,133.0
11.0,9.0,0.0,11.0,9.0,4.0
434.0,274.0,0.0,350.0,231.0,109.0
1346.0,814.0,0.0,1129.0,708.0,337.0
1346.0,814.0,0.0,1129.0,708.0,337.0
6867.0,6433.0,0.0,5119.0,5157.0,1140.0
780.0,752.0,0.0,583.0,568.0,27.0
1130.0,1226.0,0.0,911.0,1027.0,279.0
1130.0,1226.0,0.0,911.0,1027.0,279.0
81.0,,0.0,37.0,,
167.0,166.0,0.0,142.0,158.0,126.0
2402.0,456.0,0.0,1259.0,407.0,268.0
2819.0,673.0,0.0,1552.0,582.0,338.0
249.0,297.0,0.0,199.0,275.0,
1637.0,3482.0,0.0,1437.0,3282.0,2260.0
210.0,205.0,0.0,165.0,158.0,44.0
54.0,64.0,0.0,42.0,55.0,32.0
1331.0,1478.0,0.0,1090.0,1251.0,354.0
1766.0,2259.0,0.0,1472.0,2004.0,877.0
45.0,23.0,0.0,39.0,22.0,6.0
1707.0,1071.0,0.0,1426.0,924.0,455.0
1752.0,1094.0,0.0,1465.0,946.0,461.0
88.0,77.0,0.0,64.0,,26.0
2184.0,1418.0,0.0,1786.0,1198.0,563.0
48.0,24.0,0.0,34.0,21.0,12.0
8.0,8.0,0.0,7.0,8.0,
1981.0,2049.0,0.0,1453.0,1540.0,197.0
333.0,364.0,0.0,246.0,274.0,39.0
30.0,13.0,0.0,16.0,11.0,6.0
5.0,,0.0,4.0,,
332.0,463.0,0.0,274.0,411.0,145.0
935.0,1071.0,0.0,742.0,918.0,284.0
24.0,22.0,0.0,13.0,17.0,9.0
1352.0,,0.0,1068.0,,
24.0,,0.0,18.0,6.0,4.0
39.0,23.0,0.0,28.0,17.0,3.0
56.0,27.0,0.0,48.0,26.0,
32.0,28.0,0.0,28.0,27.0,14.0
50.0,36.0,0.0,43.0,35.0,21.0
99.0,84.0,0.0,79.0,69.0,13.0
33.0,28.0,0.0,28.0,25.0,14.0
1600.0,,0.0,1256.0,1273.0,493.0
31.0,15.0,0.0,25.0,11.0,
41.0,19.0,0.0,28.0,16.0,7.0
82.0,72.0,0.0,65.0,,
358.0,291.0,0.0,280.0,235.0,80.0
88.0,57.0,0.0,74.0,48.0,13.0
21.0,24.0,0.0,16.0,23.0,
328.0,203.0,0.0,270.0,178.0,91.0
1348.0,1766.0,0.0,1108.0,1513.0,480.0
1043.0,921.0,0.0,808.0,755.0,156.0
347.0,262.0,0.0,270.0,232.0,90.0
65.0,34.0,0.0,54.0,33.0,6.0
131.0,103.0,0.0,94.0,81.0,31.0
226.0,227.0,0.0,174.0,180.0,17.0
434.0,331.0,0.0,337.0,267.0,117.0
438.0,530.0,0.0,370.0,462.0,111.0
27.0,72.0,0.0,24.0,71.0,
4824.0,3984.0,0.0,3805.0,3374.0,1071.0
25.0,28.0,0.0,22.0,,
214.0,122.0,0.0,174.0,101.0,
2166.0,1504.0,0.0,1568.0,1274.0,330.0
2166.0,1504.0,0.0,1568.0,1274.0,330.0
674.0,237.0,0.0,446.0,,
815.0,250.0,0.0,497.0,207.0,52.0
20.0,9.0,0.0,16.0,6.0,
717.0,193.0,0.0,425.0,161.0,
48.0,35.0,0.0,40.0,29.0,
1422.0,1252.0,0.0,1082.0,1064.0,241.0
139.0,131.0,0.0,119.0,115.0,29.0
,216.0,0.0,155.0,188.0,59.0
88.0,30.0,0.0,68.0,25.0,9.0
22.0,10.0,0.0,19.0,10.0,
68.0,116.0,0.0,53.0,112.0,83.0
389.0,661.0,0.0,325.0,568.0,328.0
75.0,108.0,0.0,57.0,96.0,53.0
149.0,194.0,0.0,123.0,176.0,101.0
307.0,418.0,0.0,249.0,351.0,147.0
110.0,104.0,0.0,89.0,84.0,42.0
845.0,1041.0,0.0,703.0,944.0,457.0
220.0,206.0,0.0,175.0,176.0,65.0
65.0,71.0,0.0,56.0,62.0,7.0
264.0,223.0,0.0,226.0,199.0,48.0
2424.0,3026.0,0.0,2003.0,2656.0,1248.0
110.0,40.0,0.0,87.0,35.0,
56.0,52.0,0.0,43.0,47.0,
91.0,132.0,0.0,74.0,126.0,90.0
29272.0,28560.0,0.0,22441.0,24494.0,10200.0
647.0,827.0,0.0,497.0,681.0,236.0
367.0,665.0,0.0,329.0,641.0,440.0
390.0,355.0,0.0,299.0,279.0,42.0
438.0,384.0,0.0,334.0,299.0,79.0
30.0,20.0,0.0,26.0,17.0,6.0
77.0,46.0,0.0,60.0,42.0,25.0
18.0,60.0,0.0,18.0,60.0,
93.0,132.0,0.0,69.0,98.0,47.0
80.0,77.0,0.0,65.0,64.0,7.0
21.0,15.0,0.0,16.0,,
2602.0,2715.0,0.0,1968.0,2126.0,371.0
66.0,36.0,0.0,51.0,28.0,8.0
131.0,70.0,0.0,105.0,61.0,14.0
126.0,196.0,0.0,105.0,177.0,67.0
126.0,196.0,0.0,105.0,177.0,67.0
152.0,113.0,0.0,122.0,102.0,
106.0,,0.0,90.0,,
20.0,6.0,0.0,16.0,,
1343.0,1077.0,0.0,1057.0,901.0,475.0
934.0,1335.0,0.0,739.0,1161.0,557.0
4701.0,5438.0,0.0,3799.0,4718.0,2280.0
116.0,116.0,0.0,86.0,89.0,26.0
391.0,409.0,0.0,299.0,350.0,
1979.0,3092.0,0.0,1689.0,,1612.0
,,0.0,,,
369.0,193.0,0.0,259.0,154.0,58.0
8.0,10.0,0.0,4.0,,
,,0.0,,,
,,0.0,,7.0,
,,0.0,,,
2200.0,1478.0,0.0,1586.0,,341.0
,,0.0,175.0,141.0,
,,0.0,200.0,152.0,
,,0.0,,4.0,
,,0.0,,,
,,0.0,,,
,,0.0,972.0,939.0,147.0
298.0,272.0,0.0,229.0,212.0,52.0
37786.0,33047.0,0.0,28803.0,27636.0,8580.0
,,0.0,,107.0,
70.0,15.0,0.0,40.0,,
,,0.0,,,
5.0,,0.0,3.0,,0.0
34.0,19.0,0.0,27.0,17.0,5.0
573.0,328.0,0.0,498.0,290.0,133.0
11.0,9.0,0.0,11.0,9.0,4.0
,,0.0,,,
,,0.0,,,
,,0.0,,,
6854.0,6257.0,0.0,5106.0,4981.0,971.0
780.0,752.0,0.0,583.0,568.0,27.0
1122.0,1122.0,0.0,903.0,923.0,181.0
1122.0,1122.0,0.0,903.0,923.0,181.0
,8.0,0.0,,7.0,
163.0,88.0,0.0,138.0,80.0,49.0
,,0.0,,361.0,
,,0.0,,536.0,
245.0,226.0,0.0,195.0,204.0,91.0
1588.0,2683.0,0.0,1390.0,,
,,0.0,,,
54.0,64.0,0.0,42.0,55.0,32.0
,,0.0,,,
1752.0,2031.0,0.0,1458.0,1776.0,657.0
45.0,23.0,0.0,39.0,22.0,6.0
,,0.0,,,
,,0.0,,,
88.0,77.0,0.0,64.0,,26.0
2178.0,,0.0,1780.0,,482.0
48.0,24.0,0.0,34.0,21.0,12.0
8.0,8.0,0.0,7.0,8.0,
1978.0,2010.0,0.0,1450.0,1501.0,159.0
333.0,364.0,0.0,246.0,274.0,39.0
30.0,13.0,0.0,16.0,11.0,6.0
,,0.0,,,0.0
,,0.0,,377.0,120.0
931.0,1027.0,0.0,738.0,,
24.0,22.0,0.0,13.0,17.0,9.0
,814.0,0.0,,,
24.0,,0.0,18.0,6.0,4.0
39.0,23.0,0.0,28.0,17.0,3.0
56.0,27.0,0.0,48.0,26.0,
32.0,28.0,0.0,28.0,27.0,14.0
50.0,36.0,0.0,43.0,35.0,21.0
99.0,84.0,0.0,79.0,69.0,13.0
33.0,28.0,0.0,28.0,25.0,14.0
1591.0,1371.0,0.0,1249.0,1135.0,357.0
31.0,15.0,0.0,25.0,11.0,
41.0,19.0,0.0,28.0,16.0,7.0
82.0,72.0,0.0,65.0,,
,,0.0,,,
88.0,57.0,0.0,74.0,48.0,13.0
,,0.0,,,
328.0,203.0,0.0,270.0,178.0,91.0
,,0.0,1105.0,1479.0,451.0
,,0.0,,,
,,0.0,,,
65.0,34.0,0.0,54.0,33.0,6.0
131.0,103.0,0.0,94.0,81.0,31.0
226.0,227.0,0.0,174.0,180.0,17.0
,,0.0,,,
,,0.0,,,
,,0.0,,,
4813.0,3792.0,0.0,3795.0,3193.0,904.0
,,0.0,,,
214.0,122.0,0.0,174.0,101.0,
,1399.0,0.0,,1169.0,
,1399.0,0.0,,1169.0,
674.0,237.0,0.0,446.0,,
815.0,250.0,0.0,497.0,207.0,52.0
20.0,9.0,0.0,16.0,6.0,
717.0,193.0,0.0,425.0,161.0,
48.0,35.0,0.0,40.0,29.0,
,1147.0,0.0,,959.0,139.0
139.0,131.0,0.0,119.0,115.0,29.0
,216.0,0.0,155.0,188.0,59.0
88.0,30.0,0.0,68.0,25.0,9.0
22.0,10.0,0.0,19.0,10.0,
,,0.0,,53.0,26.0
378.0,512.0,0.0,317.0,,
,,0.0,,,
,,0.0,,,
,,0.0,,,
110.0,104.0,0.0,89.0,84.0,42.0
842.0,911.0,0.0,700.0,814.0,327.0
220.0,206.0,0.0,175.0,176.0,65.0
65.0,71.0,0.0,56.0,62.0,7.0
,,0.0,,,
2405.0,2666.0,0.0,1987.0,2332.0,936.0
110.0,40.0,0.0,87.0,35.0,
56.0,52.0,0.0,43.0,47.0,
,,0.0,,,45.0
29116.0,25300.0,0.0,22296.0,21421.0,7211.0
,,0.0,,,
358.0,506.0,0.0,320.0,,
390.0,355.0,0.0,299.0,279.0,42.0
,,0.0,334.0,299.0,79.0
30.0,20.0,0.0,26.0,17.0,6.0
,,0.0,,,
,,0.0,,,
,,0.0,,,
80.0,77.0,0.0,65.0,64.0,7.0
21.0,15.0,0.0,16.0,,
2597.0,2640.0,0.0,1963.0,2051.0,297.0
66.0,36.0,0.0,51.0,28.0,8.0
131.0,70.0,0.0,105.0,61.0,14.0
,,0.0,,,
,,0.0,,,
152.0,113.0,0.0,122.0,102.0,
,92.0,0.0,,76.0,
20.0,6.0,0.0,16.0,,
1337.0,,0.0,1053.0,,
930.0,,0.0,736.0,,
4672.0,4625.0,0.0,3776.0,3984.0,1560.0
116.0,116.0,0.0,86.0,89.0,26.0
3.0,33.0,33.0,3.0,33.0,33.0
91.0,1153.0,1109.0,87.0,1107.0,1065.0
,,,,,
,,,,,
0.0,0.0,0.0,0.0,0.0,0.0
0.0,0.0,0.0,0.0,0.0,0.0
0.0,0.0,0.0,0.0,0.0,0.0
3.0,40.0,,,,
12.0,159.0,153.0,12.0,159.0,
0.0,0.0,0.0,0.0,0.0,0.0
0.0,0.0,0.0,0.0,0.0,0.0
0.0,0.0,0.0,0.0,0.0,0.0
,,,,,
,,,,,
,,,,,
,,,,,
268.0,3460.0,3321.0,253.0,3278.0,3142.0
,,,,,
0.0,0.0,0.0,0.0,0.0,0.0
6.0,79.0,76.0,6.0,79.0,
0.0,0.0,0.0,0.0,0.0,0.0
,,,,,
0.0,0.0,0.0,0.0,0.0,0.0
0.0,0.0,0.0,0.0,0.0,0.0
,,,,,
,,,,,
,,,,,
20.0,233.0,217.0,19.0,223.0,207.0
,,,,,
9.0,109.0,105.0,7.0,86.0,82.0
9.0,109.0,105.0,7.0,86.0,82.0
,,,0.0,0.0,0.0
0.0,0.0,0.0,0.0,0.0,0.0
,,,3.0,44.0,44.0
5.0,67.0,67.0,,,
0.0,0.0,0.0,0.0,0.0,0.0
88.0,1120.0,1076.0,84.0,1074.0,1032.0
0.0,0.0,0.0,0.0,0.0,0.0
,,,,,
,,143.0,,,
33.0,460.0,440.0,32.0,446.0,426.0
,,,,,
,,,,,
,,,,,
,,,,,
5.0,59.0,59.0,5.0,59.0,59.0
,,,,,
,,,,,
,,,,,
0.0,0.0,0.0,0.0,0.0,0.0
0.0,0.0,0.0,0.0,0.0,0.0
0.0,0.0,0.0,0.0,0.0,0.0
4.0,55.0,47.0,,,
,,,,,
0.0,0.0,0.0,0.0,0.0,0.0
3.0,40.0,,,,
0.0,0.0,0.0,0.0,0.0,0.0
0.0,0.0,0.0,0.0,0.0,0.0
,,,,,
,,,,,
0.0,0.0,0.0,0.0,0.0,0.0
0.0,0.0,0.0,0.0,0.0,0.0
0.0,0.0,0.0,0.0,0.0,0.0
3.0,,,3.0,38.0,35.0
0.0,0.0,0.0,0.0,0.0,0.0
0.0,0.0,0.0,0.0,0.0,0.0
0.0,0.0,0.0,0.0,0.0,0.0
,,,,,
,,,,,
0.0,0.0,0.0,0.0,0.0,0.0
0.0,0.0,0.0,0.0,0.0,0.0
,,,,,
4.0,56.0,56.0,4.0,56.0,56.0
,,,,,
0.0,0.0,0.0,0.0,0.0,0.0
0.0,0.0,0.0,0.0,0.0,0.0
,,,,,
,,,,,
,,,,,
0.0,0.0,0.0,0.0,0.0,0.0
17.0,230.0,213.0,17.0,230.0,213.0
0.0,0.0,0.0,0.0,0.0,0.0
,,,,,
6.0,82.0,79.0,,,
6.0,82.0,79.0,,,
3.0,41.0,41.0,3.0,41.0,41.0
,,,,,
0.0,0.0,0.0,0.0,0.0,0.0
,,,,,
0.0,0.0,0.0,0.0,0.0,0.0
3.0,41.0,38.0,,,
0.0,0.0,0.0,0.0,0.0,0.0
0.0,0.0,0.0,0.0,0.0,0.0
0.0,0.0,0.0,0.0,0.0,0.0
0.0,0.0,0.0,0.0,0.0,0.0
,,34.0,,,
15.0,193.0,186.0,,,
5.0,60.0,58.0,,,58.0
,,,,,
,,,,,
,,,,,
,,,0.0,0.0,0.0
,,,,,
0.0,0.0,0.0,0.0,0.0,0.0
0.0,0.0,0.0,0.0,0.0,0.0
26.0,321.0,309.0,,,
0.0,0.0,0.0,0.0,0.0,0.0
0.0,0.0,0.0,0.0,0.0,0.0
,,,,,
,3179.0,3059.0,231.0,3017.0,2900.0
,,,,,88.0
19.0,272.0,263.0,19.0,272.0,263.0
,,,,,
9.0,128.0,125.0,7.0,102.0,
0.0,0.0,0.0,0.0,0.0,0.0
0.0,0.0,0.0,0.0,0.0,0.0
0.0,0.0,0.0,0.0,0.0,0.0
0.0,0.0,0.0,0.0,0.0,0.0
0.0,0.0,0.0,0.0,0.0,0.0
0.0,0.0,0.0,0.0,0.0,0.0
,94.0,91.0,,,
0.0,0.0,0.0,0.0,0.0,0.0
0.0,0.0,0.0,0.0,0.0,0.0
3.0,40.0,33.0,,,
3.0,40.0,33.0,,,
,,,,,
0.0,0.0,0.0,0.0,0.0,0.0
0.0,0.0,0.0,0.0,0.0,0.0
12.0,160.0,157.0,,,
5.0,59.0,58.0,,,
43.0,540.0,524.0,41.0,519.0,504.0
0.0,0.0,0.0,0.0,0.0,0.0
7.0,253.0,250.0,,,
33.0,1010.0,1002.0,30.0,934.0,926.0
,,,,,
,,,0.0,0.0,0.0
0.0,0.0,0.0,0.0,0.0,0.0
3.0,61.0,59.0,3.0,,59.0
0.0,0.0,0.0,0.0,0.0,0.0
,,,,,
7.0,157.0,154.0,7.0,,
0.0,0.0,0.0,0.0,0.0,0.0
0.0,0.0,0.0,0.0,0.0,0.0
0.0,0.0,0.0,0.0,0.0,0.0
0.0,0.0,0.0,0.0,0.0,0.0
0.0,0.0,0.0,0.0,0.0,0.0
,,,,,
0.0,0.0,0.0,0.0,0.0,0.0
88.0,2611.0,2585.0,79.0,,
0.0,0.0,0.0,0.0,0.0,0.0
0.0,0.0,0.0,0.0,0.0,0.0
,,,,,
0.0,0.0,0.0,0.0,0.0,0.0
0.0,0.0,0.0,0.0,0.0,0.0
0.0,0.0,0.0,0.0,0.0,0.0
0.0,0.0,0.0,0.0,0.0,0.0
0.0,0.0,0.0,0.0,0.0,0.0
0.0,0.0,0.0,0.0,0.0,0.0
0.0,0.0,0.0,0.0,0.0,0.0
,,,,,
0.0,0.0,0.0,0.0,0.0,0.0
5.0,143.0,139.0,4.0,94.0,90.0
5.0,143.0,139.0,4.0,94.0,90.0
0.0,0.0,0.0,0.0,0.0,0.0
3.0,61.0,59.0,3.0,,59.0
,,,,,
,,,,,
,,,,,
26.0,757.0,752.0,,,
0.0,0.0,0.0,0.0,0.0,0.0
,,,,,
0.0,0.0,0.0,0.0,0.0,0.0
4.0,137.0,134.0,4.0,137.0,134.0
0.0,0.0,0.0,0.0,0.0,0.0
0.0,0.0,0.0,0.0,0.0,0.0
0.0,0.0,0.0,0.0,0.0,0.0
0.0,0.0,0.0,0.0,0.0,0.0
4.0,140.0,140.0,3.0,102.0,102.0
0.0,0.0,0.0,0.0,0.0,0.0
0.0,0.0,0.0,0.0,0.0,0.0
,,,0.0,0.0,0.0
0.0,0.0,0.0,0.0,0.0,0.0
0.0,0.0,0.0,0.0,0.0,0.0
0.0,0.0,0.0,0.0,0.0,0.0
0.0,0.0,0.0,0.0,0.0,0.0
,,,,,
0.0,0.0,0.0,0.0,0.0,0.0
,,,,,
0.0,0.0,0.0,0.0,0.0,0.0
0.0,0.0,0.0,0.0,0.0,0.0
0.0,0.0,0.0,0.0,0.0,0.0
0.0,0.0,0.0,0.0,0.0,0.0
0.0,0.0,0.0,0.0,0.0,0.0
0.0,0.0,0.0,0.0,0.0,0.0
0.0,0.0,0.0,0.0,0.0,0.0
,,,,,
0.0,0.0,0.0,0.0,0.0,0.0
0.0,0.0,0.0,0.0,0.0,0.0
0.0,0.0,0.0,0.0,0.0,0.0
0.0,0.0,0.0,0.0,0.0,0.0
0.0,0.0,0.0,0.0,0.0,0.0
0.0,0.0,0.0,0.0,0.0,0.0
0.0,0.0,0.0,0.0,0.0,0.0
,,,,,
0.0,0.0,0.0,0.0,0.0,0.0
0.0,0.0,0.0,0.0,0.0,0.0
,,,,,
0.0,0.0,0.0,0.0,0.0,0.0
0.0,0.0,0.0,0.0,0.0,0.0
4.0,140.0,,3.0,102.0,102.0
,,,,,
0.0,0.0,0.0,0.0,0.0,0.0
4.0,104.0,102.0,,,
0.0,0.0,0.0,0.0,0.0,0.0
0.0,0.0,0.0,0.0,0.0,0.0
0.0,0.0,0.0,0.0,0.0,0.0
0.0,0.0,0.0,0.0,0.0,0.0
0.0,0.0,0.0,0.0,0.0,0.0
0.0,0.0,0.0,0.0,0.0,0.0
0.0,0.0,0.0,0.0,0.0,0.0
0.0,0.0,0.0,0.0,0.0,0.0
0.0,0.0,0.0,0.0,0.0,0.0
0.0,0.0,0.0,0.0,0.0,0.0
0.0,0.0,0.0,0.0,0.0,0.0
0.0,0.0,0.0,0.0,0.0,0.0
,,,0.0,0.0,0.0
0.0,0.0,0.0,0.0,0.0,0.0
4.0,137.0,134.0,4.0,137.0,134.0
,,,,,
,,,,,
,,,,,
,,,,,
,,,,,
,119.0,118.0,,,
0.0,0.0,0.0,0.0,0.0,0.0
0.0,0.0,0.0,0.0,0.0,0.0
0.0,0.0,0.0,0.0,0.0,0.0
,,,10.0,318.0,315.0
,,,0.0,0.0,0.0
0.0,0.0,0.0,0.0,0.0,0.0
0.0,0.0,0.0,0.0,0.0,0.0
81.0,2415.0,,72.0,,
,,,,,
0.0,0.0,0.0,0.0,0.0,0.0
0.0,0.0,0.0,0.0,0.0,0.0
5.0,152.0,152.0,4.0,108.0,108.0
0.0,0.0,0.0,0.0,0.0,0.0
0.0,0.0,0.0,0.0,0.0,0.0
0.0,0.0,0.0,0.0,0.0,0.0
0.0,0.0,0.0,0.0,0.0,0.0
0.0,0.0,0.0,0.0,0.0,0.0
0.0,0.0,0.0,0.0,0.0,0.0
,,,,,
,,,,,
,,,,,
0.0,0.0,0.0,0.0,0.0,0.0
0.0,0.0,0.0,0.0,0.0,0.0
0.0,0.0,0.0,0.0,0.0,0.0
0.0,0.0,0.0,0.0,0.0,0.0
0.0,0.0,0.0,0.0,0.0,0.0
,,,,,
,,,,,
13.0,408.0,405.0,,,
0.0,0.0,0.0,0.0,0.0,0.0
0.0,0.0,0.0,0.0,0.0,0.0
0.0,0.0,0.0,0.0,0.0,0.0
0.0,0.0,0.0,0.0,0.0,0.0
0.0,0.0,0.0,0.0,0.0,0.0
,,,,,
0.0,0.0,0.0,0.0,0.0,0.0
0.0,0.0,0.0,0.0,0.0,0.0
0.0,0.0,0.0,0.0,0.0,0.0
,,,,,
0.0,0.0,0.0,0.0,0.0,0.0
0.0,0.0,0.0,0.0,0.0,0.0
0.0,0.0,0.0,0.0,0.0,0.0
0.0,0.0,0.0,0.0,0.0,0.0
0.0,0.0,0.0,0.0,0.0,0.0
0.0,0.0,0.0,0.0,0.0,0.0
0.0,0.0,0.0,0.0,0.0,0.0
,,,,,
0.0,0.0,0.0,0.0,0.0,0.0
0.0,0.0,0.0,0.0,0.0,0.0
0.0,0.0,0.0,0.0,0.0,0.0
0.0,0.0,0.0,0.0,0.0,0.0
0.0,0.0,0.0,0.0,0.0,0.0
0.0,0.0,0.0,0.0,0.0,0.0
0.0,0.0,0.0,0.0,0.0,0.0
0.0,0.0,0.0,0.0,0.0,0.0
0.0,0.0,0.0,0.0,0.0,0.0
0.0,0.0,0.0,0.0,0.0,0.0
0.0,0.0,0.0,0.0,0.0,0.0
0.0,0.0,0.0,0.0,0.0,0.0
0.0,0.0,0.0,0.0,0.0,0.0
0.0,0.0,0.0,0.0,0.0,0.0
0.0,0.0,0.0,0.0,0.0,0.0
0.0,0.0,0.0,0.0,0.0,0.0
0.0,0.0,0.0,0.0,0.0,0.0
0.0,0.0,0.0,0.0,0.0,0.0
0.0,0.0,0.0,0.0,0.0,0.0
0.0,0.0,0.0,0.0,0.0,0.0
0.0,0.0,0.0,0.0,0.0,0.0
0.0,0.0,0.0,0.0,0.0,0.0
0.0,0.0,0.0,0.0,0.0,0.0
0.0,0.0,0.0,0.0,0.0,0.0
0.0,0.0,0.0,0.0,0.0,0.0
0.0,0.0,0.0,0.0,0.0,0.0
0.0,0.0,0.0,0.0,0.0,0.0
0.0,0.0,0.0,0.0,0.0,0.0
0.0,0.0,0.0,0.0,0.0,0.0
0.0,0.0,0.0,0.0,0.0,0.0
0.0,0.0,0.0,0.0,0.0,0.0
0.0,0.0,0.0,0.0,0.0,0.0
0.0,0.0,0.0,0.0,0.0,0.0
0.0,0.0,0.0,0.0,0.0,0.0
0.0,0.0,0.0,0.0,0.0,0.0
0.0,0.0,0.0,0.0,0.0,0.0
0.0,0.0,0.0,0.0,0.0,0.0
0.0,0.0,0.0,0.0,0.0,0.0
0.0,0.0,0.0,0.0,0.0,0.0
0.0,0.0,0.0,0.0,0.0,0.0
0.0,0.0,0.0,0.0,0.0,0.0
0.0,0.0,0.0,0.0,0.0,0.0
0.0,0.0,0.0,0.0,0.0,0.0
0.0,0.0,0.0,0.0,0.0,0.0
0.0,0.0,0.0,0.0,0.0,0.0
0.0,0.0,0.0,0.0,0.0,0.0
0.0,0.0,0.0,0.0,0.0,0.0
0.0,0.0,0.0,0.0,0.0,0.0
0.0,0.0,0.0,0.0,0.0,0.0
0.0,0.0,0.0,0.0,0.0,0.0
,,,,,
0.0,0.0,0.0,0.0,0.0,0.0
0.0,0.0,0.0,0.0,0.0,0.0
0.0,0.0,0.0,0.0,0.0,0.0
0.0,0.0,0.0,0.0,0.0,0.0
0.0,0.0,0.0,0.0,0.0,0.0
0.0,0.0,0.0,0.0,0.0,0.0
0.0,0.0,0.0,0.0,0.0,0.0
0.0,0.0,0.0,0.0,0.0,0.0
0.0,0.0,0.0,0.0,0.0,0.0
0.0,0.0,0.0,0.0,0.0,0.0
0.0,0.0,0.0,0.0,0.0,0.0
0.0,0.0,0.0,0.0,0.0,0.0
0.0,0.0,0.0,0.0,0.0,0.0
0.0,0.0,0.0,0.0,0.0,0.0
0.0,0.0,0.0,0.0,0.0,0.0
0.0,0.0,0.0,0.0,0.0,0.0
0.0,0.0,0.0,0.0,0.0,0.0
0.0,0.0,0.0,0.0,0.0,0.0
0.0,0.0,0.0,0.0,0.0,0.0
0.0,0.0,0.0,0.0,0.0,0.0
0.0,0.0,0.0,0.0,0.0,0.0
0.0,0.0,0.0,0.0,0.0,0.0
0.0,0.0,0.0,0.0,0.0,0.0
0.0,0.0,0.0,0.0,0.0,0.0
0.0,0.0,0.0,0.0,0.0,0.0
0.0,0.0,0.0,0.0,0.0,0.0
0.0,0.0,0.0,0.0,0.0,0.0
0.0,0.0,0.0,0.0,0.0,0.0
0.0,0.0,0.0,0.0,0.0,0.0
0.0,0.0,0.0,0.0,0.0,0.0
0.0,0.0,0.0,0.0,0.0,0.0
0.0,0.0,0.0,0.0,0.0,0.0
0.0,0.0,0.0,0.0,0.0,0.0
0.0,0.0,0.0,0.0,0.0,0.0
0.0,0.0,0.0,0.0,0.0,0.0
0.0,0.0,0.0,0.0,0.0,0.0
0.0,0.0,0.0,0.0,0.0,0.0
0.0,0.0,0.0,0.0,0.0,0.0
0.0,0.0,0.0,0.0,0.0,0.0
0.0,0.0,0.0,0.0,0.0,0.0
0.0,0.0,0.0,0.0,0.0,0.0
,,,,,
0.0,0.0,0.0,0.0,0.0,0.0
0.0,0.0,0.0,0.0,0.0,0.0
0.0,0.0,0.0,0.0,0.0,0.0
0.0,0.0,0.0,0.0,0.0,0.0
0.0,0.0,0.0,0.0,0.0,0.0
0.0,0.0,0.0,0.0,0.0,0.0
0.0,0.0,0.0,0.0,0.0,0.0
0.0,0.0,0.0,0.0,0.0,0.0
0.0,0.0,0.0,0.0,0.0,0.0
0.0,0.0,0.0,0.0,0.0,0.0
0.0,0.0,0.0,0.0,0.0,0.0
0.0,0.0,0.0,0.0,0.0,0.0
0.0,0.0,0.0,0.0,0.0,0.0
0.0,0.0,0.0,0.0,0.0,0.0
0.0,0.0,0.0,0.0,0.0,0.0
0.0,0.0,0.0,0.0,0.0,0.0
0.0,0.0,0.0,0.0,0.0,0.0
0.0,0.0,0.0,0.0,0.0,0.0
0.0,0.0,0.0,0.0,0.0,0.0
0.0,0.0,0.0,0.0,0.0,0.0
0.0,0.0,0.0,0.0,0.0,0.0
0.0,0.0,0.0,0.0,0.0,0.0
,,,,,
6.0,,,5.0,624.0,624.0
0.0,0.0,0.0,0.0,0.0,0.0
0.0,0.0,0.0,0.0,0.0,0.0
0.0,0.0,0.0,0.0,0.0,0.0
0.0,0.0,0.0,0.0,0.0,0.0
,,,,,
,,,,,
,,,,,
0.0,0.0,0.0,0.0,0.0,0.0
0.0,0.0,0.0,0.0,0.0,0.0
0.0,0.0,0.0,0.0,0.0,0.0
0.0,0.0,0.0,0.0,0.0,0.0
0.0,0.0,0.0,0.0,0.0,0.0
0.0,0.0,0.0,0.0,0.0,0.0
,,,,,
,,,,2498.0,2491.0
0.0,0.0,0.0,0.0,0.0,0.0
,,,,,
0.0,0.0,0.0,0.0,0.0,0.0
0.0,0.0,0.0,0.0,0.0,0.0
0.0,0.0,0.0,0.0,0.0,0.0
0.0,0.0,0.0,0.0,0.0,0.0
0.0,0.0,0.0,0.0,0.0,0.0
0.0,0.0,0.0,0.0,0.0,0.0
0.0,0.0,0.0,0.0,0.0,0.0
0.0,0.0,0.0,0.0,0.0,0.0
,,,,,
0.0,0.0,0.0,0.0,0.0,0.0
0.0,0.0,0.0,0.0,0.0,0.0
0.0,0.0,0.0,0.0,0.0,0.0
0.0,0.0,0.0,0.0,0.0,0.0
0.0,0.0,0.0,0.0,0.0,0.0
0.0,0.0,0.0,0.0,0.0,0.0
0.0,0.0,0.0,0.0,0.0,0.0
,,,,,
,391.0,391.0,,,
0.0,0.0,0.0,0.0,0.0,0.0
0.0,0.0,0.0,0.0,0.0,0.0
,,,,,
5.0,400.0,395.0,5.0,400.0,395.0
0.0,0.0,0.0,0.0,0.0,0.0
0.0,0.0,0.0,0.0,0.0,0.0
0.0,0.0,0.0,0.0,0.0,0.0
0.0,0.0,0.0,0.0,0.0,0.0
4.0,339.0,339.0,4.0,339.0,339.0
0.0,0.0,0.0,0.0,0.0,0.0
0.0,0.0,0.0,0.0,0.0,0.0
0.0,0.0,0.0,0.0,0.0,0.0
0.0,0.0,0.0,0.0,0.0,0.0
0.0,0.0,0.0,0.0,0.0,0.0
0.0,0.0,0.0,0.0,0.0,0.0
0.0,0.0,0.0,0.0,0.0,0.0
0.0,0.0,0.0,0.0,0.0,0.0
0.0,0.0,0.0,0.0,0.0,0.0
0.0,0.0,0.0,0.0,0.0,0.0
0.0,0.0,0.0,0.0,0.0,0.0
0.0,0.0,0.0,0.0,0.0,0.0
0.0,0.0,0.0,0.0,0.0,0.0
0.0,0.0,0.0,0.0,0.0,0.0
0.0,0.0,0.0,0.0,0.0,0.0
,,,0.0,0.0,0.0
0.0,0.0,0.0,0.0,0.0,0.0
,,474.0,3.0,290.0,290.0
0.0,0.0,0.0,0.0,0.0,0.0
,,,,,
0.0,0.0,0.0,0.0,0.0,0.0
,,,0.0,0.0,0.0
,,,0.0,0.0,0.0
0.0,0.0,0.0,0.0,0.0,0.0
0.0,0.0,0.0,0.0,0.0,0.0
0.0,0.0,0.0,0.0,0.0,0.0
0.0,0.0,0.0,0.0,0.0,0.0
0.0,0.0,0.0,0.0,0.0,0.0
,,,,,
,,,,,
0.0,0.0,0.0,0.0,0.0,0.0
4.0,339.0,339.0,4.0,339.0,339.0
0.0,0.0,0.0,0.0,0.0,0.0
,,,,,
,,,,,
0.0,0.0,0.0,0.0,0.0,0.0
0.0,0.0,0.0,0.0,0.0,0.0
,,,,,
,,,,,
0.0,0.0,0.0,0.0,0.0,0.0
,,,,,
0.0,0.0,0.0,0.0,0.0,0.0
0.0,0.0,0.0,0.0,0.0,0.0
,,,,,
0.0,0.0,0.0,0.0,0.0,0.0
0.0,0.0,0.0,0.0,0.0,0.0
0.0,0.0,0.0,0.0,0.0,0.0
0.0,0.0,0.0,0.0,0.0,0.0
0.0,0.0,0.0,0.0,0.0,0.0
,,,,,
0.0,0.0,0.0,0.0,0.0,0.0
0.0,0.0,0.0,0.0,0.0,0.0
0.0,0.0,0.0,0.0,0.0,0.0
0.0,0.0,0.0,0.0,0.0,0.0
0.0,0.0,0.0,0.0,0.0,0.0
,,,,,
0.0,0.0,0.0,0.0,0.0,0.0
0.0,0.0,0.0,0.0,0.0,0.0
0.0,0.0,0.0,0.0,0.0,0.0
,,,,,
0.0,0.0,0.0,0.0,0.0,0.0
0.0,0.0,0.0,0.0,0.0,0.0
,,,,,
23.0,,2066.0,,1948.0,1941.0
0.0,0.0,0.0,0.0,0.0,0.0
0.0,0.0,0.0,0.0,0.0,0.0
0.0,0.0,0.0,0.0,0.0,0.0
0.0,0.0,0.0,0.0,0.0,0.0
0.0,0.0,0.0,0.0,0.0,0.0
0.0,0.0,0.0,0.0,0.0,0.0
0.0,0.0,0.0,0.0,0.0,0.0
0.0,0.0,0.0,0.0,0.0,0.0
0.0,0.0,0.0,0.0,0.0,0.0
0.0,0.0,0.0,0.0,0.0,0.0
,,,,,
0.0,0.0,0.0,0.0,0.0,0.0
,,,,,
0.0,0.0,0.0,0.0,0.0,0.0
0.0,0.0,0.0,0.0,0.0,0.0
,,,,,
,,,0.0,0.0,0.0
0.0,0.0,0.0,0.0,0.0,0.0
0.0,0.0,0.0,0.0,0.0,0.0
0.0,0.0,0.0,0.0,0.0,0.0
,,,,,
0.0,0.0,0.0,0.0,0.0,0.0
578.0,1303.0,787.0,489.0,1237.0,796.0
2459.0,8118.0,6279.0,2151.0,7676.0,6073.0
597.0,722.0,249.0,501.0,691.0,293.0
297.0,271.0,148.0,247.0,307.0,199.0
7.0,,,6.0,,
135.0,183.0,142.0,115.0,204.0,166.0
51.0,,,41.0,,
1310.0,1256.0,,1107.0,1482.0,965.0
1962.0,3707.0,,1605.0,3739.0,2726.0
217.0,183.0,56.0,189.0,212.0,99.0
250.0,207.0,61.0,216.0,239.0,111.0
8.0,10.0,8.0,7.0,11.0,10.0
754.0,730.0,341.0,661.0,804.0,478.0
795.0,769.0,358.0,698.0,844.0,498.0
1711.0,2144.0,660.0,1297.0,1732.0,591.0
304.0,432.0,205.0,246.0,405.0,226.0
37521.0,52582.0,,30555.0,51200.0,29517.0
150.0,166.0,,131.0,,103.0
50.0,84.0,74.0,38.0,107.0,98.0
290.0,500.0,240.0,234.0,449.0,238.0
,,,,,
33.0,51.0,39.0,22.0,53.0,43.0
529.0,410.0,246.0,460.0,511.0,370.0
7.0,8.0,6.0,7.0,8.0,
372.0,320.0,179.0,317.0,387.0,268.0
1172.0,932.0,538.0,1006.0,1154.0,821.0
1172.0,932.0,538.0,1006.0,1154.0,821.0
6651.0,8005.0,2594.0,5242.0,7357.0,3087.0
1125.0,1127.0,55.0,849.0,897.0,89.0
1408.0,1902.0,702.0,1139.0,1616.0,635.0
1408.0,1902.0,702.0,1139.0,1616.0,635.0
47.0,29.0,21.0,32.0,40.0,34.0
180.0,234.0,176.0,149.0,242.0,190.0
1508.0,631.0,426.0,1140.0,1408.0,1225.0
1847.0,947.0,601.0,1428.0,1772.0,1463.0
194.0,365.0,253.0,158.0,375.0,283.0
1881.0,6815.0,5492.0,1662.0,6439.0,5277.0
232.0,250.0,89.0,195.0,259.0,118.0
40.0,110.0,,32.0,87.0,68.0
1424.0,1923.0,714.0,1205.0,1784.0,766.0
1825.0,3272.0,1781.0,1567.0,3157.0,1880.0
28.0,36.0,,21.0,36.0,25.0
1484.0,1196.0,,,,
1512.0,1232.0,692.0,,,
76.0,79.0,42.0,63.0,86.0,53.0
1958.0,2099.0,1312.0,1649.0,2389.0,1738.0
42.0,45.0,27.0,41.0,57.0,39.0
8.0,15.0,,8.0,17.0,
2326.0,2559.0,373.0,1729.0,1994.0,386.0
334.0,404.0,95.0,262.0,345.0,104.0
28.0,17.0,7.0,25.0,29.0,20.0
,10.0,,,,
347.0,558.0,219.0,300.0,539.0,240.0
944.0,1280.0,468.0,801.0,1230.0,533.0
23.0,15.0,,21.0,21.0,
1259.0,,427.0,1066.0,,
15.0,9.0,9.0,12.0,15.0,15.0
33.0,32.0,12.0,29.0,35.0,18.0
38.0,,,30.0,45.0,31.0
23.0,25.0,,20.0,32.0,24.0
48.0,,18.0,37.0,42.0,28.0
91.0,284.0,,74.0,97.0,38.0
27.0,49.0,,22.0,45.0,36.0
1567.0,2285.0,1232.0,1276.0,2084.0,1234.0
33.0,24.0,5.0,27.0,27.0,12.0
44.0,105.0,86.0,31.0,108.0,94.0
87.0,87.0,,78.0,87.0,21.0
335.0,1631.0,,289.0,1607.0,
91.0,,116.0,74.0,,75.0
20.0,21.0,11.0,16.0,19.0,10.0
264.0,194.0,107.0,222.0,248.0,
1725.0,2646.0,1043.0,1397.0,2323.0,1035.0
1031.0,1073.0,269.0,851.0,1028.0,375.0
372.0,358.0,120.0,315.0,378.0,181.0
106.0,171.0,103.0,87.0,171.0,112.0
174.0,314.0,210.0,137.0,323.0,243.0
230.0,261.0,54.0,179.0,221.0,
437.0,880.0,627.0,352.0,877.0,679.0
418.0,638.0,255.0,352.0,579.0,260.0
35.0,120.0,98.0,27.0,111.0,97.0
4533.0,4837.0,,3836.0,5063.0,2622.0
38.0,32.0,,29.0,30.0,9.0
172.0,132.0,,151.0,186.0,137.0
2249.0,2061.0,574.0,1784.0,2267.0,989.0
2249.0,2061.0,574.0,1784.0,2267.0,989.0
535.0,269.0,158.0,389.0,495.0,401.0
473.0,403.0,212.0,395.0,558.0,405.0
20.0,24.0,16.0,14.0,22.0,16.0
369.0,241.0,110.0,308.0,385.0,283.0
56.0,121.0,79.0,48.0,122.0,86.0
1664.0,1708.0,342.0,1357.0,1665.0,490.0
163.0,189.0,69.0,130.0,172.0,79.0
211.0,272.0,85.0,167.0,234.0,90.0
84.0,78.0,61.0,72.0,87.0,72.0
31.0,30.0,7.0,23.0,26.0,10.0
53.0,563.0,526.0,48.0,570.0,536.0
397.0,972.0,668.0,347.0,934.0,670.0
69.0,191.0,150.0,57.0,195.0,159.0
130.0,190.0,111.0,106.0,198.0,134.0
278.0,477.0,252.0,245.0,461.0,261.0
76.0,141.0,108.0,65.0,152.0,123.0
776.0,1336.0,809.0,677.0,1353.0,900.0
223.0,269.0,129.0,182.0,278.0,164.0
79.0,85.0,13.0,67.0,79.0,17.0
273.0,254.0,61.0,233.0,276.0,108.0
2301.0,3915.0,2301.0,1979.0,3926.0,2536.0
115.0,108.0,68.0,95.0,113.0,82.0
52.0,43.0,,42.0,50.0,30.0
95.0,178.0,,77.0,178.0,
29143.0,42031.0,,23920.0,41538.0,25017.0
657.0,955.0,374.0,518.0,847.0,385.0
348.0,786.0,541.0,314.0,803.0,578.0
356.0,381.0,88.0,294.0,363.0,124.0
523.0,892.0,518.0,395.0,727.0,
41.0,39.0,17.0,37.0,40.0,20.0
63.0,44.0,24.0,48.0,56.0,39.0
25.0,30.0,23.0,18.0,19.0,14.0
91.0,106.0,38.0,74.0,95.0,40.0
73.0,73.0,7.0,63.0,66.0,
24.0,23.0,8.0,20.0,25.0,13.0
2956.0,3476.0,830.0,2256.0,2898.0,909.0
116.0,135.0,62.0,90.0,136.0,77.0
222.0,306.0,165.0,177.0,307.0,189.0
88.0,144.0,58.0,68.0,127.0,58.0
88.0,144.0,58.0,68.0,127.0,58.0
183.0,257.0,189.0,153.0,297.0,240.0
69.0,127.0,98.0,54.0,73.0,51.0
21.0,12.0,5.0,15.0,17.0,13.0
1113.0,1346.0,819.0,939.0,1539.0,1084.0
885.0,1289.0,588.0,726.0,1207.0,646.0
4299.0,6550.0,3708.0,3644.0,6672.0,4266.0
95.0,115.0,31.0,78.0,105.0,37.0
,,,477.0,643.0,205.0
2329.0,,,2029.0,5011.0,3458.0
,,,,,
,,,,,
,,0.0,,,3.0
132.0,122.0,83.0,112.0,,107.0
,9.0,9.0,,41.0,41.0
,,373.0,1102.0,1208.0,691.0
1938.0,,736.0,1582.0,2042.0,1038.0
217.0,183.0,56.0,189.0,212.0,99.0
250.0,207.0,61.0,216.0,239.0,111.0
8.0,10.0,8.0,7.0,11.0,10.0
,,,,,
,,,,,
1693.0,1790.0,310.0,1283.0,1467.0,330.0
,,,,,
37133.0,42422.0,16021.0,30195.0,41895.0,20380.0
,,57.0,,,
,,,,,
,,,,,110.0
,,,,,
,,,,,
529.0,410.0,246.0,460.0,511.0,370.0
7.0,8.0,6.0,7.0,8.0,
,,,,,
,,,,,
,,,,,
6624.0,7458.0,2064.0,5216.0,6820.0,2567.0
,,,,,
1394.0,1650.0,458.0,1128.0,1436.0,463.0
1394.0,1650.0,458.0,1128.0,1436.0,463.0
,,,32.0,40.0,34.0
177.0,173.0,117.0,146.0,,131.0
1504.0,561.0,356.0,,,
,,,1422.0,1679.0,1370.0
,,,,,
,4547.0,3273.0,1552.0,4368.0,3253.0
232.0,250.0,89.0,195.0,259.0,118.0
,,30.0,,,
1412.0,1704.0,,1194.0,1579.0,570.0
1783.0,2275.0,812.0,1526.0,2174.0,925.0
,,,,,
,,658.0,,,
,,,,,
,,,,,
1945.0,1561.0,774.0,1637.0,1889.0,1238.0
,,,,,
,,0.0,,,
,,,,,
334.0,404.0,95.0,262.0,345.0,104.0
28.0,17.0,7.0,25.0,29.0,20.0
,10.0,,,,
343.0,503.0,172.0,,,
,,,794.0,1115.0,430.0
23.0,15.0,,21.0,21.0,
,,364.0,,1167.0,650.0
15.0,9.0,9.0,12.0,15.0,15.0
33.0,32.0,12.0,29.0,35.0,18.0
,,,,,
,,8.0,,,
48.0,,18.0,37.0,42.0,28.0
,,27.0,74.0,97.0,38.0
27.0,49.0,,22.0,45.0,36.0
1558.0,1697.0,647.0,,,
33.0,24.0,5.0,27.0,27.0,12.0
,,,,,
87.0,87.0,,78.0,87.0,21.0
331.0,,121.0,,,
,,,,,
20.0,21.0,11.0,16.0,19.0,10.0
264.0,194.0,107.0,222.0,248.0,
1720.0,2573.0,974.0,1392.0,2250.0,966.0
1027.0,1017.0,213.0,847.0,972.0,319.0
,,,,,
,,,,,
,,,,,
,,,,,46.0
,,125.0,,,
413.0,556.0,175.0,347.0,497.0,180.0
,,,,,
,,1403.0,3815.0,4549.0,2127.0
38.0,32.0,,29.0,30.0,9.0
,,65.0,,,
,,,1778.0,2137.0,864.0
,,,1778.0,2137.0,864.0
532.0,228.0,117.0,386.0,454.0,360.0
,,,,,
20.0,24.0,16.0,14.0,22.0,16.0
,,,,,
,,,,,
1661.0,1667.0,304.0,,,
163.0,189.0,69.0,130.0,172.0,79.0
211.0,272.0,85.0,167.0,234.0,90.0
,,,72.0,87.0,72.0
31.0,30.0,7.0,23.0,26.0,10.0
42.0,57.0,,37.0,64.0,40.0
,,,331.0,698.0,441.0
,,,51.0,92.0,
,,,,,
,,,,,
,,,,,
770.0,,,672.0,1175.0,723.0
,,,,,
79.0,85.0,13.0,67.0,79.0,17.0
273.0,254.0,61.0,233.0,276.0,108.0
2264.0,3217.0,1618.0,1944.0,3249.0,1873.0
,,,95.0,113.0,82.0
52.0,43.0,,42.0,50.0,30.0
,,53.0,,,
28794.0,33148.0,13247.0,23595.0,33240.0,16867.0
648.0,811.0,234.0,509.0,703.0,
329.0,514.0,278.0,295.0,531.0,315.0
,,,,,
509.0,612.0,241.0,384.0,517.0,220.0
41.0,39.0,17.0,37.0,40.0,20.0
63.0,44.0,24.0,48.0,56.0,39.0
25.0,30.0,23.0,18.0,19.0,14.0
91.0,106.0,38.0,74.0,95.0,40.0
73.0,73.0,7.0,63.0,66.0,
24.0,23.0,8.0,20.0,25.0,13.0
2946.0,,,2247.0,2686.0,700.0
,,,,,
,,,,,
85.0,104.0,25.0,,,
85.0,104.0,25.0,,,
,,,,,
,,,54.0,73.0,51.0
21.0,12.0,5.0,15.0,17.0,13.0
,,,925.0,1326.0,874.0
,,,720.0,1111.0,551.0
,,,3589.0,5686.0,3298.0
95.0,115.0,31.0,78.0,105.0,37.0
7.0,84.0,84.0,7.0,84.0,84.0
82.0,1062.0,1017.0,77.0,1002.0,961.0
,,,,,
0.0,0.0,0.0,0.0,0.0,0.0
0.0,0.0,0.0,0.0,0.0,0.0
0.0,0.0,0.0,0.0,0.0,0.0
0.0,0.0,0.0,0.0,0.0,0.0
3.0,,,,,
7.0,,,,57.0,55.0
,,,0.0,0.0,0.0
,,,0.0,0.0,0.0
0.0,0.0,0.0,0.0,0.0,0.0
0.0,0.0,0.0,0.0,0.0,0.0
0.0,0.0,0.0,0.0,0.0,0.0
,,,,,
,,,,,
197.0,2539.0,2451.0,181.0,2327.0,2247.0
0.0,0.0,0.0,0.0,0.0,0.0
0.0,0.0,0.0,0.0,0.0,0.0
,,,,,
0.0,0.0,0.0,0.0,0.0,0.0
0.0,0.0,0.0,0.0,0.0,0.0
0.0,0.0,0.0,0.0,0.0,0.0
0.0,0.0,0.0,0.0,0.0,0.0
,,,,,
,,,,,
,,,,,
,,,,,
,,,,,
,,,,,
,,,,,
0.0,0.0,0.0,0.0,0.0,0.0
0.0,0.0,0.0,0.0,0.0,0.0
,,,,,
,,,,,
,,,,,
75.0,978.0,933.0,70.0,918.0,877.0
0.0,0.0,0.0,0.0,0.0,0.0
,,,,,
,,,,,
,,,,,
0.0,0.0,0.0,0.0,0.0,0.0
,,,,,
,,,,,
0.0,0.0,0.0,0.0,0.0,0.0
,,,,,
0.0,0.0,0.0,0.0,0.0,0.0
0.0,0.0,0.0,0.0,0.0,0.0
,,,,,
0.0,0.0,0.0,0.0,0.0,0.0
,,,,,
0.0,0.0,0.0,0.0,0.0,0.0
0.0,0.0,0.0,0.0,0.0,0.0
,,,,,
0.0,0.0,0.0,0.0,0.0,0.0
3.0,,,,,
0.0,0.0,0.0,0.0,0.0,0.0
0.0,0.0,0.0,0.0,0.0,0.0
0.0,0.0,0.0,0.0,0.0,0.0
0.0,0.0,0.0,0.0,0.0,0.0
0.0,0.0,0.0,0.0,0.0,0.0
,,,,,
0.0,0.0,0.0,0.0,0.0,0.0
,,,,,
0.0,0.0,0.0,0.0,0.0,0.0
0.0,0.0,0.0,0.0,0.0,0.0
0.0,0.0,0.0,0.0,0.0,0.0
,,,,,
,,,,,
0.0,0.0,0.0,0.0,0.0,0.0
0.0,0.0,0.0,0.0,0.0,0.0
,,,,,
,,,,,
,,,,,
0.0,0.0,0.0,0.0,0.0,0.0
0.0,0.0,0.0,0.0,0.0,0.0
0.0,0.0,0.0,0.0,0.0,0.0
4.0,54.0,54.0,4.0,54.0,54.0
,,,,,
0.0,0.0,0.0,0.0,0.0,0.0
10.0,,,,,
0.0,0.0,0.0,0.0,0.0,0.0
,,,,,
,,,,,
,,,,,
,,,,,
,,,,,
0.0,0.0,0.0,0.0,0.0,0.0
,,,,,
,,,0.0,0.0,0.0
0.0,0.0,0.0,0.0,0.0,0.0
,,,,,
0.0,0.0,0.0,0.0,0.0,0.0
0.0,0.0,0.0,0.0,0.0,0.0
0.0,0.0,0.0,0.0,0.0,0.0
3.0,,,,,
7.0,92.0,89.0,7.0,92.0,89.0
,37.0,35.0,,37.0,35.0
0.0,0.0,0.0,0.0,0.0,0.0
,,,,,
,,,,,
6.0,73.0,73.0,5.0,63.0,63.0
0.0,0.0,0.0,0.0,0.0,0.0
0.0,0.0,0.0,0.0,0.0,0.0
0.0,0.0,0.0,0.0,0.0,0.0
22.0,,,21.0,,
0.0,0.0,0.0,0.0,0.0,0.0
,,,,,
,,,,,
185.0,2386.0,2300.0,170.0,2185.0,2107.0
,,,,,
14.0,181.0,175.0,14.0,181.0,175.0
0.0,0.0,0.0,0.0,0.0,0.0
,,,,,
0.0,0.0,0.0,0.0,0.0,0.0
0.0,0.0,0.0,0.0,0.0,0.0
0.0,0.0,0.0,0.0,0.0,0.0
0.0,0.0,0.0,0.0,0.0,0.0
0.0,0.0,0.0,0.0,0.0,0.0
0.0,0.0,0.0,0.0,0.0,0.0
,,,,,
0.0,0.0,0.0,0.0,0.0,0.0
0.0,0.0,0.0,0.0,0.0,0.0
3.0,32.0,26.0,3.0,32.0,26.0
3.0,32.0,26.0,3.0,32.0,26.0
,,,,,
0.0,0.0,0.0,0.0,0.0,0.0
0.0,0.0,0.0,0.0,0.0,0.0
4.0,,,3.0,,
0.0,0.0,0.0,0.0,0.0,0.0
26.0,329.0,322.0,24.0,306.0,299.0
0.0,0.0,0.0,0.0,0.0,0.0
,,,,,
,,,,,
0.0,0.0,0.0,0.0,0.0,0.0
0.0,0.0,0.0,0.0,0.0,0.0
,,,,,
,,,,,
0.0,0.0,0.0,0.0,0.0,0.0
3.0,,,,,
,288.0,287.0,9.0,288.0,287.0
,,,,,
,,,,,
0.0,0.0,0.0,0.0,0.0,0.0
0.0,0.0,0.0,0.0,0.0,0.0
0.0,0.0,0.0,0.0,0.0,0.0
,,,,,
0.0,0.0,0.0,0.0,0.0,0.0
74.0,,,71.0,,
0.0,0.0,0.0,0.0,0.0,0.0
0.0,0.0,0.0,0.0,0.0,0.0
,,,,,
0.0,0.0,0.0,0.0,0.0,0.0
0.0,0.0,0.0,0.0,0.0,0.0
0.0,0.0,0.0,0.0,0.0,0.0
0.0,0.0,0.0,0.0,0.0,0.0
,,,0.0,0.0,0.0
,,,0.0,0.0,0.0
,,,0.0,0.0,0.0
,,,,,
0.0,0.0,0.0,0.0,0.0,0.0
,,,,,
,,,,,
0.0,0.0,0.0,0.0,0.0,0.0
,,,,,
0.0,0.0,0.0,0.0,0.0,0.0
0.0,0.0,0.0,0.0,0.0,0.0
0.0,0.0,0.0,0.0,0.0,0.0
15.0,432.0,425.0,15.0,432.0,425.0
0.0,0.0,0.0,0.0,0.0,0.0
,,,,,
,,,,,
7.0,206.0,206.0,7.0,206.0,206.0
0.0,0.0,0.0,0.0,0.0,0.0
,,,0.0,0.0,0.0
,,,0.0,0.0,0.0
0.0,0.0,0.0,0.0,0.0,0.0
9.0,259.0,259.0,7.0,203.0,203.0
0.0,0.0,0.0,0.0,0.0,0.0
0.0,0.0,0.0,0.0,0.0,0.0
,,,,,
0.0,0.0,0.0,0.0,0.0,0.0
0.0,0.0,0.0,0.0,0.0,0.0
0.0,0.0,0.0,0.0,0.0,0.0
0.0,0.0,0.0,0.0,0.0,0.0
0.0,0.0,0.0,0.0,0.0,0.0
0.0,0.0,0.0,0.0,0.0,0.0
3.0,,,,,
0.0,0.0,0.0,0.0,0.0,0.0
,,,,,
0.0,0.0,0.0,0.0,0.0,0.0
0.0,0.0,0.0,0.0,0.0,0.0
0.0,0.0,0.0,0.0,0.0,0.0
0.0,0.0,0.0,0.0,0.0,0.0
0.0,0.0,0.0,0.0,0.0,0.0
,,,,,
0.0,0.0,0.0,0.0,0.0,0.0
0.0,0.0,0.0,0.0,0.0,0.0
0.0,0.0,0.0,0.0,0.0,0.0
,,,,,
0.0,0.0,0.0,0.0,0.0,0.0
0.0,0.0,0.0,0.0,0.0,0.0
0.0,0.0,0.0,0.0,0.0,0.0
,,,,,
,,,,,
,,,,,
,,,,,
0.0,0.0,0.0,0.0,0.0,0.0
0.0,0.0,0.0,0.0,0.0,0.0
,,,7.0,203.0,203.0
0.0,0.0,0.0,0.0,0.0,0.0
,,,,,
,172.0,171.0,5.0,172.0,171.0
0.0,0.0,0.0,0.0,0.0,0.0
0.0,0.0,0.0,0.0,0.0,0.0
0.0,0.0,0.0,0.0,0.0,0.0
0.0,0.0,0.0,0.0,0.0,0.0
0.0,0.0,0.0,0.0,0.0,0.0
,,,,,
0.0,0.0,0.0,0.0,0.0,0.0
,,,,,
0.0,0.0,0.0,0.0,0.0,0.0
0.0,0.0,0.0,0.0,0.0,0.0
0.0,0.0,0.0,0.0,0.0,0.0
0.0,0.0,0.0,0.0,0.0,0.0
0.0,0.0,0.0,0.0,0.0,0.0
0.0,0.0,0.0,0.0,0.0,0.0
,,,,,
4.0,109.0,107.0,4.0,109.0,107.0
0.0,0.0,0.0,0.0,0.0,0.0
0.0,0.0,0.0,0.0,0.0,0.0
,,,,,
0.0,0.0,0.0,0.0,0.0,0.0
5.0,190.0,190.0,5.0,190.0,190.0
0.0,0.0,0.0,0.0,0.0,0.0
0.0,0.0,0.0,0.0,0.0,0.0
0.0,0.0,0.0,0.0,0.0,0.0
,,,,,
0.0,0.0,0.0,0.0,0.0,0.0
0.0,0.0,0.0,0.0,0.0,0.0
,,,,,
70.0,2079.0,2064.0,67.0,1997.0,1982.0
,,,,,
3.0,83.0,83.0,3.0,83.0,83.0
0.0,0.0,0.0,0.0,0.0,0.0
,,,,,
0.0,0.0,0.0,0.0,0.0,0.0
0.0,0.0,0.0,0.0,0.0,0.0
0.0,0.0,0.0,0.0,0.0,0.0
0.0,0.0,0.0,0.0,0.0,0.0
0.0,0.0,0.0,0.0,0.0,0.0
0.0,0.0,0.0,0.0,0.0,0.0
,,,,,
,,,,,
,,,,,
0.0,0.0,0.0,0.0,0.0,0.0
0.0,0.0,0.0,0.0,0.0,0.0
,,,,,
,,,,,
0.0,0.0,0.0,0.0,0.0,0.0
0.0,0.0,0.0,0.0,0.0,0.0
,,,,,
12.0,369.0,367.0,12.0,369.0,367.0
0.0,0.0,0.0,0.0,0.0,0.0
0.0,0.0,0.0,0.0,0.0,0.0
0.0,0.0,0.0,0.0,0.0,0.0
0.0,0.0,0.0,0.0,0.0,0.0
0.0,0.0,0.0,0.0,0.0,0.0
0.0,0.0,0.0,0.0,0.0,0.0
,,,,,
0.0,0.0,0.0,0.0,0.0,0.0
0.0,0.0,0.0,0.0,0.0,0.0
,,,,,
0.0,0.0,0.0,0.0,0.0,0.0
0.0,0.0,0.0,0.0,0.0,0.0
0.0,0.0,0.0,0.0,0.0,0.0
0.0,0.0,0.0,0.0,0.0,0.0
0.0,0.0,0.0,0.0,0.0,0.0
0.0,0.0,0.0,0.0,0.0,0.0
0.0,0.0,0.0,0.0,0.0,0.0
,,,,,
0.0,0.0,0.0,0.0,0.0,0.0
0.0,0.0,0.0,0.0,0.0,0.0
0.0,0.0,0.0,0.0,0.0,0.0
0.0,0.0,0.0,0.0,0.0,0.0
0.0,0.0,0.0,0.0,0.0,0.0
0.0,0.0,0.0,0.0,0.0,0.0
0.0,0.0,0.0,0.0,0.0,0.0
0.0,0.0,0.0,0.0,0.0,0.0
0.0,0.0,0.0,0.0,0.0,0.0
0.0,0.0,0.0,0.0,0.0,0.0
0.0,0.0,0.0,0.0,0.0,0.0
0.0,0.0,0.0,0.0,0.0,0.0
0.0,0.0,0.0,0.0,0.0,0.0
0.0,0.0,0.0,0.0,0.0,0.0
0.0,0.0,0.0,0.0,0.0,0.0
,,,,,
0.0,0.0,0.0,0.0,0.0,0.0
0.0,0.0,0.0,0.0,0.0,0.0
0.0,0.0,0.0,0.0,0.0,0.0
0.0,0.0,0.0,0.0,0.0,0.0
0.0,0.0,0.0,0.0,0.0,0.0
0.0,0.0,0.0,0.0,0.0,0.0
0.0,0.0,0.0,0.0,0.0,0.0
0.0,0.0,0.0,0.0,0.0,0.0
0.0,0.0,0.0,0.0,0.0,0.0
0.0,0.0,0.0,0.0,0.0,0.0
0.0,0.0,0.0,0.0,0.0,0.0
0.0,0.0,0.0,0.0,0.0,0.0
0.0,0.0,0.0,0.0,0.0,0.0
0.0,0.0,0.0,0.0,0.0,0.0
0.0,0.0,0.0,0.0,0.0,0.0
0.0,0.0,0.0,0.0,0.0,0.0
0.0,0.0,0.0,0.0,0.0,0.0
0.0,0.0,0.0,0.0,0.0,0.0
0.0,0.0,0.0,0.0,0.0,0.0
,,,,,
,,,,,
0.0,0.0,0.0,0.0,0.0,0.0
0.0,0.0,0.0,0.0,0.0,0.0
0.0,0.0,0.0,0.0,0.0,0.0
0.0,0.0,0.0,0.0,0.0,0.0
0.0,0.0,0.0,0.0,0.0,0.0
0.0,0.0,0.0,0.0,0.0,0.0
0.0,0.0,0.0,0.0,0.0,0.0
0.0,0.0,0.0,0.0,0.0,0.0
0.0,0.0,0.0,0.0,0.0,0.0
0.0,0.0,0.0,0.0,0.0,0.0
0.0,0.0,0.0,0.0,0.0,0.0
0.0,0.0,0.0,0.0,0.0,0.0
0.0,0.0,0.0,0.0,0.0,0.0
0.0,0.0,0.0,0.0,0.0,0.0
0.0,0.0,0.0,0.0,0.0,0.0
0.0,0.0,0.0,0.0,0.0,0.0
0.0,0.0,0.0,0.0,0.0,0.0
0.0,0.0,0.0,0.0,0.0,0.0
0.0,0.0,0.0,0.0,0.0,0.0
0.0,0.0,0.0,0.0,0.0,0.0
0.0,0.0,0.0,0.0,0.0,0.0
0.0,0.0,0.0,0.0,0.0,0.0
0.0,0.0,0.0,0.0,0.0,0.0
0.0,0.0,0.0,0.0,0.0,0.0
0.0,0.0,0.0,0.0,0.0,0.0
0.0,0.0,0.0,0.0,0.0,0.0
,,,,,
0.0,0.0,0.0,0.0,0.0,0.0
0.0,0.0,0.0,0.0,0.0,0.0
0.0,0.0,0.0,0.0,0.0,0.0
0.0,0.0,0.0,0.0,0.0,0.0
0.0,0.0,0.0,0.0,0.0,0.0
0.0,0.0,0.0,0.0,0.0,0.0
0.0,0.0,0.0,0.0,0.0,0.0
0.0,0.0,0.0,0.0,0.0,0.0
0.0,0.0,0.0,0.0,0.0,0.0
0.0,0.0,0.0,0.0,0.0,0.0
0.0,0.0,0.0,0.0,0.0,0.0
0.0,0.0,0.0,0.0,0.0,0.0
0.0,0.0,0.0,0.0,0.0,0.0
0.0,0.0,0.0,0.0,0.0,0.0
0.0,0.0,0.0,0.0,0.0,0.0
0.0,0.0,0.0,0.0,0.0,0.0
0.0,0.0,0.0,0.0,0.0,0.0
0.0,0.0,0.0,0.0,0.0,0.0
0.0,0.0,0.0,0.0,0.0,0.0
0.0,0.0,0.0,0.0,0.0,0.0
0.0,0.0,0.0,0.0,0.0,0.0
0.0,0.0,0.0,0.0,0.0,0.0
0.0,0.0,0.0,0.0,0.0,0.0
0.0,0.0,0.0,0.0,0.0,0.0
0.0,0.0,0.0,0.0,0.0,0.0
0.0,0.0,0.0,0.0,0.0,0.0
0.0,0.0,0.0,0.0,0.0,0.0
0.0,0.0,0.0,0.0,0.0,0.0
,,,,,
0.0,0.0,0.0,0.0,0.0,0.0
0.0,0.0,0.0,0.0,0.0,0.0
0.0,0.0,0.0,0.0,0.0,0.0
0.0,0.0,0.0,0.0,0.0,0.0
0.0,0.0,0.0,0.0,0.0,0.0
0.0,0.0,0.0,0.0,0.0,0.0
0.0,0.0,0.0,0.0,0.0,0.0
0.0,0.0,0.0,0.0,0.0,0.0
0.0,0.0,0.0,0.0,0.0,0.0
0.0,0.0,0.0,0.0,0.0,0.0
0.0,0.0,0.0,0.0,0.0,0.0
0.0,0.0,0.0,0.0,0.0,0.0
0.0,0.0,0.0,0.0,0.0,0.0
0.0,0.0,0.0,0.0,0.0,0.0
0.0,0.0,0.0,0.0,0.0,0.0
0.0,0.0,0.0,0.0,0.0,0.0
0.0,0.0,0.0,0.0,0.0,0.0
0.0,0.0,0.0,0.0,0.0,0.0
0.0,0.0,0.0,0.0,0.0,0.0
0.0,0.0,0.0,0.0,0.0,0.0
0.0,0.0,0.0,0.0,0.0,0.0
0.0,0.0,0.0,0.0,0.0,0.0
,,,,,
,,,,,
0.0,0.0,0.0,0.0,0.0,0.0
,,,,,
0.0,0.0,0.0,0.0,0.0,0.0
,,,,,
0.0,0.0,0.0,0.0,0.0,0.0
0.0,0.0,0.0,0.0,0.0,0.0
4.0,264.0,264.0,,,
0.0,0.0,0.0,0.0,0.0,0.0
,,,,,
0.0,0.0,0.0,0.0,0.0,0.0
0.0,0.0,0.0,0.0,0.0,0.0
0.0,0.0,0.0,0.0,0.0,0.0
,,,,,
0.0,0.0,0.0,0.0,0.0,0.0
,2049.0,2047.0,,1991.0,1989.0
0.0,0.0,0.0,0.0,0.0,0.0
0.0,0.0,0.0,0.0,0.0,0.0
,,,,,
0.0,0.0,0.0,0.0,0.0,0.0
0.0,0.0,0.0,0.0,0.0,0.0
0.0,0.0,0.0,0.0,0.0,0.0
0.0,0.0,0.0,0.0,0.0,0.0
0.0,0.0,0.0,0.0,0.0,0.0
0.0,0.0,0.0,0.0,0.0,0.0
0.0,0.0,0.0,0.0,0.0,0.0
,,,,,
0.0,0.0,0.0,0.0,0.0,0.0
,,,,,
,,,,,
0.0,0.0,0.0,0.0,0.0,0.0
,,,,,
0.0,0.0,0.0,0.0,0.0,0.0
,,,,,
,,,,,
0.0,0.0,0.0,0.0,0.0,0.0
0.0,0.0,0.0,0.0,0.0,0.0
,,,,,
0.0,0.0,0.0,0.0,0.0,0.0
,,,,,
0.0,0.0,0.0,0.0,0.0,0.0
0.0,0.0,0.0,0.0,0.0,0.0
0.0,0.0,0.0,0.0,0.0,0.0
0.0,0.0,0.0,0.0,0.0,0.0
,,,,,
0.0,0.0,0.0,0.0,0.0,0.0
0.0,0.0,0.0,0.0,0.0,0.0
0.0,0.0,0.0,0.0,0.0,0.0
0.0,0.0,0.0,0.0,0.0,0.0
0.0,0.0,0.0,0.0,0.0,0.0
0.0,0.0,0.0,0.0,0.0,0.0
0.0,0.0,0.0,0.0,0.0,0.0
0.0,0.0,0.0,0.0,0.0,0.0
0.0,0.0,0.0,0.0,0.0,0.0
0.0,0.0,0.0,0.0,0.0,0.0
,,,,,
,,,,,
0.0,0.0,0.0,0.0,0.0,0.0
0.0,0.0,0.0,0.0,0.0,0.0
0.0,0.0,0.0,0.0,0.0,0.0
0.0,0.0,0.0,0.0,0.0,0.0
0.0,0.0,0.0,0.0,0.0,0.0
,315.0,315.0,,315.0,315.0
,,,,,
0.0,0.0,0.0,0.0,0.0,0.0
0.0,0.0,0.0,0.0,0.0,0.0
0.0,0.0,0.0,0.0,0.0,0.0
0.0,0.0,0.0,0.0,0.0,0.0
0.0,0.0,0.0,0.0,0.0,0.0
0.0,0.0,0.0,0.0,0.0,0.0
,,,,,
0.0,0.0,0.0,0.0,0.0,0.0
0.0,0.0,0.0,0.0,0.0,0.0
0.0,0.0,0.0,0.0,0.0,0.0
0.0,0.0,0.0,0.0,0.0,0.0
0.0,0.0,0.0,0.0,0.0,0.0
,,,,,
0.0,0.0,0.0,0.0,0.0,0.0
,,,0.0,0.0,0.0
,,,,,
0.0,0.0,0.0,0.0,0.0,0.0
0.0,0.0,0.0,0.0,0.0,0.0
0.0,0.0,0.0,0.0,0.0,0.0
0.0,0.0,0.0,0.0,0.0,0.0
0.0,0.0,0.0,0.0,0.0,0.0
0.0,0.0,0.0,0.0,0.0,0.0
0.0,0.0,0.0,0.0,0.0,0.0
0.0,0.0,0.0,0.0,0.0,0.0
0.0,0.0,0.0,0.0,0.0,0.0
0.0,0.0,0.0,0.0,0.0,0.0
0.0,0.0,0.0,0.0,0.0,0.0
0.0,0.0,0.0,0.0,0.0,0.0
0.0,0.0,0.0,0.0,0.0,0.0
0.0,0.0,0.0,0.0,0.0,0.0
,,,,,
0.0,0.0,0.0,0.0,0.0,0.0
,,,,,
0.0,0.0,0.0,0.0,0.0,0.0
0.0,0.0,0.0,0.0,0.0,0.0
0.0,0.0,0.0,0.0,0.0,0.0
6.0,529.0,529.0,6.0,529.0,529.0
,,,,,
0.0,0.0,0.0,0.0,0.0,0.0
0.0,0.0,0.0,0.0,0.0,0.0
,,,,,
0.0,0.0,0.0,0.0,0.0,0.0
0.0,0.0,0.0,0.0,0.0,0.0
,,,0.0,0.0,0.0
,,,,,
,,,,,
0.0,0.0,0.0,0.0,0.0,0.0
0.0,0.0,0.0,0.0,0.0,0.0
0.0,0.0,0.0,0.0,0.0,0.0
0.0,0.0,0.0,0.0,0.0,0.0
0.0,0.0,0.0,0.0,0.0,0.0
0.0,0.0,0.0,0.0,0.0,0.0
0.0,0.0,0.0,0.0,0.0,0.0
0.0,0.0,0.0,0.0,0.0,0.0
0.0,0.0,0.0,0.0,0.0,0.0
0.0,0.0,0.0,0.0,0.0,0.0
0.0,0.0,0.0,0.0,0.0,0.0
0.0,0.0,0.0,0.0,0.0,0.0
0.0,0.0,0.0,0.0,0.0,0.0
0.0,0.0,0.0,0.0,0.0,0.0
0.0,0.0,0.0,0.0,0.0,0.0
0.0,0.0,0.0,0.0,0.0,0.0
0.0,0.0,0.0,0.0,0.0,0.0
,,,,,
0.0,0.0,0.0,0.0,0.0,0.0
9.0,757.0,757.0,9.0,757.0,757.0
0.0,0.0,0.0,0.0,0.0,0.0
530.0,1024.0,581.0,428.0,880.0,524.0
2409.0,7132.0,5318.0,2043.0,6472.0,4969.0
587.0,740.0,291.0,472.0,604.0,249.0
290.0,422.0,305.0,236.0,363.0,264.0
4.0,,,,,
133.0,1059.0,1016.0,116.0,1034.0,999.0
75.0,79.0,78.0,47.0,51.0,51.0
1392.0,1641.0,1031.0,1156.0,1373.0,860.0
2159.0,3921.0,2644.0,1570.0,3188.0,2240.0
241.0,344.0,,206.0,,
265.0,464.0,309.0,224.0,405.0,277.0
8.0,9.0,,7.0,8.0,
774.0,872.0,449.0,631.0,715.0,380.0
818.0,927.0,471.0,670.0,765.0,400.0
1640.0,2104.0,711.0,1132.0,1555.0,631.0
257.0,329.0,147.0,187.0,245.0,118.0
38901.0,58275.0,30989.0,29700.0,47563.0,26929.0
148.0,186.0,88.0,108.0,131.0,57.0
61.0,63.0,50.0,45.0,47.0,34.0
378.0,612.0,260.0,295.0,520.0,249.0
4.0,5.0,5.0,4.0,5.0,
51.0,56.0,29.0,40.0,44.0,25.0
511.0,580.0,431.0,442.0,505.0,381.0
4.0,4.0,4.0,,,
424.0,502.0,334.0,358.0,407.0,262.0
1250.0,1437.0,1019.0,1069.0,,872.0
1250.0,1437.0,1019.0,1069.0,,872.0
6997.0,8739.0,3020.0,5044.0,6540.0,2449.0
1063.0,1125.0,124.0,681.0,733.0,104.0
1498.0,2070.0,781.0,1163.0,1678.0,697.0
1498.0,2070.0,781.0,1163.0,1678.0,697.0
66.0,69.0,59.0,27.0,28.0,21.0
184.0,1135.0,1072.0,161.0,1104.0,1053.0
1897.0,2131.0,1946.0,1197.0,1415.0,1259.0
2227.0,2603.0,2288.0,1463.0,1818.0,1553.0
185.0,389.0,303.0,151.0,348.0,278.0
1879.0,6108.0,4737.0,1615.0,5592.0,4445.0
196.0,255.0,120.0,147.0,198.0,100.0
55.0,197.0,163.0,42.0,184.0,160.0
1561.0,1966.0,632.0,1257.0,1634.0,574.0
2031.0,3164.0,1483.0,1659.0,2726.0,1371.0
33.0,38.0,32.0,28.0,33.0,28.0
,,1276.0,1298.0,,
,,1308.0,1326.0,,
79.0,88.0,55.0,66.0,75.0,48.0
2011.0,2700.0,1920.0,1671.0,2287.0,1665.0
40.0,50.0,37.0,30.0,40.0,30.0
9.0,9.0,5.0,8.0,8.0,5.0
2626.0,2962.0,453.0,1805.0,2100.0,395.0
318.0,384.0,75.0,221.0,274.0,61.0
35.0,49.0,42.0,25.0,39.0,34.0
8.0,8.0,,5.0,5.0,
365.0,978.0,639.0,287.0,891.0,624.0
952.0,1718.0,930.0,759.0,1495.0,873.0
24.0,41.0,24.0,20.0,37.0,20.0
1317.0,1562.0,953.0,1109.0,1322.0,809.0
28.0,110.0,107.0,22.0,104.0,
48.0,185.0,162.0,38.0,174.0,156.0
45.0,53.0,41.0,37.0,45.0,36.0
32.0,38.0,26.0,26.0,31.0,20.0
35.0,40.0,28.0,27.0,32.0,24.0
107.0,140.0,56.0,81.0,109.0,48.0
19.0,26.0,14.0,19.0,26.0,14.0
1525.0,2284.0,1316.0,1196.0,1906.0,1172.0
24.0,120.0,,18.0,,
41.0,54.0,43.0,31.0,42.0,31.0
96.0,120.0,,,108.0,
330.0,461.0,248.0,257.0,360.0,194.0
82.0,,76.0,62.0,,57.0
25.0,47.0,37.0,23.0,45.0,36.0
311.0,351.0,250.0,,,
2010.0,3355.0,1459.0,1600.0,2837.0,1340.0
1081.0,1299.0,478.0,865.0,1072.0,427.0
360.0,495.0,285.0,304.0,438.0,264.0
80.0,109.0,65.0,59.0,88.0,56.0
158.0,205.0,96.0,125.0,169.0,88.0
242.0,260.0,36.0,182.0,200.0,34.0
433.0,835.0,604.0,342.0,714.0,538.0
398.0,499.0,123.0,310.0,403.0,113.0
34.0,136.0,115.0,28.0,73.0,55.0
4713.0,6358.0,3383.0,3837.0,5374.0,2987.0
27.0,28.0,8.0,20.0,,7.0
169.0,237.0,176.0,131.0,194.0,149.0
2011.0,2378.0,1085.0,1506.0,1834.0,799.0
2011.0,2378.0,1085.0,1506.0,1834.0,799.0
487.0,560.0,458.0,337.0,404.0,321.0
636.0,800.0,623.0,397.0,537.0,407.0
17.0,21.0,10.0,10.0,14.0,8.0
541.0,657.0,535.0,329.0,432.0,342.0
43.0,73.0,36.0,33.0,52.0,23.0
1463.0,1755.0,577.0,1124.0,1383.0,444.0
156.0,195.0,98.0,126.0,163.0,86.0
193.0,244.0,67.0,146.0,190.0,61.0
69.0,85.0,68.0,55.0,71.0,58.0
25.0,25.0,7.0,23.0,23.0,6.0
67.0,298.0,263.0,57.0,271.0,242.0
362.0,850.0,605.0,308.0,772.0,568.0
50.0,157.0,132.0,41.0,147.0,129.0
105.0,165.0,88.0,89.0,149.0,85.0
252.0,504.0,308.0,204.0,437.0,280.0
89.0,124.0,74.0,70.0,102.0,64.0
710.0,1832.0,1346.0,584.0,1658.0,1280.0
209.0,358.0,213.0,168.0,305.0,198.0
49.0,57.0,11.0,35.0,43.0,11.0
282.0,363.0,175.0,224.0,302.0,153.0
2108.0,4410.0,2952.0,1723.0,3915.0,2768.0
94.0,110.0,75.0,78.0,94.0,64.0
49.0,76.0,49.0,39.0,64.0,42.0
92.0,221.0,169.0,75.0,145.0,102.0
30196.0,47007.0,26472.0,23340.0,38944.0,23188.0
747.0,1052.0,364.0,556.0,838.0,335.0
403.0,900.0,588.0,345.0,821.0,555.0
401.0,460.0,141.0,318.0,368.0,115.0
498.0,741.0,400.0,389.0,601.0,347.0
44.0,55.0,22.0,39.0,50.0,20.0
53.0,75.0,58.0,43.0,64.0,51.0
26.0,29.0,19.0,22.0,25.0,18.0
98.0,122.0,44.0,80.0,103.0,41.0
78.0,84.0,16.0,61.0,66.0,14.0
25.0,29.0,18.0,23.0,27.0,17.0
3228.0,3759.0,799.0,2288.0,2760.0,703.0
90.0,143.0,103.0,65.0,116.0,93.0
170.0,252.0,168.0,124.0,204.0,149.0
111.0,199.0,89.0,85.0,170.0,86.0
111.0,199.0,89.0,85.0,170.0,86.0
183.0,276.0,207.0,158.0,241.0,183.0
76.0,122.0,79.0,62.0,103.0,68.0
13.0,13.0,,8.0,8.0,
1060.0,1536.0,1036.0,868.0,1309.0,923.0
898.0,1273.0,546.0,671.0,1001.0,481.0
4066.0,7219.0,4534.0,3262.0,6225.0,4172.0
124.0,155.0,,98.0,122.0,38.0
516.0,717.0,277.0,415.0,599.0,246.0
2305.0,5415.0,3656.0,1945.0,4841.0,3389.0
,,,,,
,,,,,
,3.0,,,,
128.0,167.0,126.0,111.0,142.0,109.0
75.0,79.0,78.0,47.0,51.0,51.0
1386.0,1516.0,907.0,1151.0,1265.0,753.0
2137.0,2572.0,1300.0,1551.0,1921.0,978.0
,,138.0,,242.0,124.0
262.0,,,,,
8.0,9.0,,7.0,8.0,
774.0,872.0,449.0,631.0,715.0,380.0
818.0,927.0,471.0,670.0,765.0,400.0
1628.0,1877.0,485.0,1120.0,1328.0,405.0
,,,,,
38602.0,50336.0,23158.0,29421.0,39976.0,19442.0
148.0,186.0,88.0,108.0,131.0,57.0
61.0,63.0,50.0,45.0,47.0,34.0
373.0,450.0,100.0,290.0,358.0,89.0
4.0,5.0,5.0,4.0,5.0,
51.0,56.0,29.0,40.0,44.0,25.0
511.0,580.0,431.0,442.0,505.0,381.0
4.0,4.0,4.0,,,
,,,,,
,,,,,
,,,,,
6987.0,8557.0,2841.0,5035.0,6369.0,2281.0
,,,,,
1491.0,1923.0,637.0,1158.0,1557.0,577.0
1491.0,1923.0,637.0,1158.0,1557.0,577.0
66.0,69.0,59.0,27.0,28.0,21.0
179.0,243.0,182.0,156.0,212.0,163.0
,,,,,
,,,,,
,,,,,
1789.0,4698.0,3379.0,1530.0,4242.0,3143.0
196.0,255.0,120.0,147.0,198.0,100.0
,,,,,
,,,,,
2005.0,2643.0,971.0,1634.0,2221.0,875.0
33.0,38.0,32.0,28.0,33.0,28.0
,,,,,
,,,,,
79.0,88.0,55.0,66.0,75.0,48.0
1994.0,2277.0,1497.0,1656.0,1920.0,1298.0
40.0,50.0,37.0,30.0,40.0,30.0
9.0,9.0,5.0,8.0,8.0,5.0
,,,,,
318.0,384.0,75.0,221.0,274.0,61.0
,,,,,
8.0,8.0,,5.0,5.0,
,,,,,
,,,,,
24.0,41.0,24.0,20.0,37.0,20.0
1311.0,1437.0,829.0,1104.0,1214.0,702.0
,,,,,
,,,,,
45.0,53.0,41.0,37.0,45.0,36.0
32.0,38.0,26.0,26.0,31.0,20.0
35.0,40.0,28.0,27.0,32.0,24.0
,,,,,
19.0,26.0,14.0,19.0,26.0,14.0
,,,,,
,,,,,
41.0,54.0,43.0,31.0,42.0,31.0
96.0,120.0,,,108.0,
,,,,,
,,,,,
25.0,47.0,37.0,23.0,45.0,36.0
311.0,351.0,250.0,,,
1994.0,2976.0,1090.0,1585.0,2476.0,987.0
,,,,,
,,,,,
,,,,,
158.0,205.0,96.0,125.0,169.0,88.0
242.0,260.0,36.0,182.0,200.0,34.0
420.0,480.0,249.0,,,
,,,,,
,,,,,
4696.0,5486.0,2520.0,3822.0,4536.0,2158.0
27.0,28.0,8.0,20.0,,7.0
,,,,,
,,,,,
,,,,,
,,,,,
632.0,715.0,539.0,,,
17.0,21.0,10.0,10.0,14.0,8.0
,,,,,
,,,33.0,52.0,23.0
1463.0,1755.0,577.0,1124.0,1383.0,444.0
,,,,,
193.0,244.0,67.0,146.0,190.0,61.0
69.0,85.0,68.0,55.0,71.0,58.0
25.0,25.0,7.0,23.0,23.0,6.0
,,,,,
351.0,649.0,409.0,297.0,571.0,372.0
46.0,,,37.0,,
105.0,165.0,88.0,89.0,149.0,85.0
245.0,388.0,194.0,197.0,321.0,166.0
,,,,,
693.0,1040.0,554.0,568.0,876.0,498.0
,,,,,
49.0,57.0,11.0,35.0,43.0,11.0
282.0,363.0,175.0,224.0,302.0,153.0
2067.0,3140.0,1691.0,1683.0,2655.0,1517.0
94.0,110.0,75.0,78.0,94.0,64.0
,,,,,
89.0,122.0,70.0,,,
29917.0,39673.0,19243.0,23080.0,31951.0,16292.0
742.0,890.0,204.0,551.0,676.0,175.0
386.0,636.0,330.0,328.0,557.0,297.0
401.0,460.0,141.0,318.0,368.0,115.0
492.0,652.0,312.0,383.0,512.0,259.0
44.0,55.0,22.0,39.0,50.0,20.0
53.0,75.0,58.0,43.0,64.0,51.0
26.0,29.0,19.0,22.0,25.0,18.0
98.0,122.0,44.0,80.0,103.0,41.0
78.0,84.0,16.0,61.0,66.0,14.0
25.0,29.0,18.0,23.0,27.0,17.0
3222.0,3647.0,691.0,2282.0,2648.0,595.0
,,,,,
,,,,,
108.0,167.0,63.0,82.0,138.0,60.0
108.0,167.0,63.0,82.0,138.0,60.0
,,,,,
,,,,,
13.0,13.0,,8.0,8.0,
,,,,,
,,,,,
4019.0,5764.0,3088.0,3217.0,4793.0,2749.0
124.0,155.0,,98.0,122.0,38.0
0.0,0.0,0.0,0.0,0.0,0.0
34.0,434.0,398.0,30.0,380.0,347.0
0.0,0.0,0.0,0.0,0.0,0.0
,,,,,
,,,,,
,,,,,
0.0,0.0,0.0,0.0,0.0,0.0
,,,,,
7.0,106.0,105.0,,94.0,93.0
0.0,0.0,0.0,0.0,0.0,0.0
0.0,0.0,0.0,0.0,0.0,0.0
,,,,,
,,,0.0,0.0,0.0
,,,0.0,0.0,0.0
,52.0,,,,
0.0,0.0,0.0,0.0,0.0,0.0
163.0,2192.0,2102.0,121.0,1634.0,1563.0
0.0,0.0,0.0,0.0,0.0,0.0
0.0,0.0,0.0,0.0,0.0,0.0
,,,,,
0.0,0.0,0.0,0.0,0.0,0.0
0.0,0.0,0.0,0.0,0.0,0.0
,,,,,
0.0,0.0,0.0,0.0,0.0,0.0
,,,,,
,,,,,
,,,,,
,,,,,
0.0,0.0,0.0,0.0,0.0,0.0
,,,,,
,,,,,
,,,0.0,0.0,0.0
,,,,,
,,,,,
,,,,,
,,,,,
34.0,434.0,398.0,30.0,380.0,347.0
,,,0.0,0.0,0.0
0.0,0.0,0.0,0.0,0.0,0.0
9.0,114.0,,,,
24.0,318.0,303.0,16.0,,
0.0,0.0,0.0,0.0,0.0,0.0
,,,3.0,,
,,,3.0,,
0.0,0.0,0.0,0.0,0.0,0.0
9.0,124.0,123.0,5.0,66.0,65.0
,,,0.0,0.0,0.0
0.0,0.0,0.0,0.0,0.0,0.0
,,,,,
,,,,,
0.0,0.0,0.0,0.0,0.0,0.0
0.0,0.0,0.0,0.0,0.0,0.0
,39.0,36.0,,,
,39.0,36.0,,,
0.0,0.0,0.0,0.0,0.0,0.0
,,,,,
0.0,0.0,0.0,0.0,0.0,0.0
0.0,0.0,0.0,0.0,0.0,0.0
0.0,0.0,0.0,0.0,0.0,0.0
0.0,0.0,0.0,0.0,0.0,0.0
,,,,,
0.0,0.0,0.0,0.0,0.0,0.0
0.0,0.0,0.0,0.0,0.0,0.0
5.0,60.0,59.0,,,
0.0,0.0,0.0,0.0,0.0,0.0
0.0,0.0,0.0,0.0,0.0,0.0
,,,,,
,,,,,
0.0,0.0,0.0,0.0,0.0,0.0
0.0,0.0,0.0,0.0,0.0,0.0
,,,,,
,,49.0,3.0,36.0,34.0
,,,,,
0.0,0.0,0.0,0.0,0.0,0.0
0.0,0.0,0.0,0.0,0.0,0.0
0.0,0.0,0.0,0.0,0.0,0.0
0.0,0.0,0.0,0.0,0.0,0.0
4.0,,,,,
,,,,,
0.0,0.0,0.0,0.0,0.0,0.0
20.0,,,,138.0,128.0
,,,,,
0.0,0.0,0.0,0.0,0.0,0.0
,,,,,
,,,,,
,,,,,
,,,0.0,0.0,0.0
0.0,0.0,0.0,0.0,0.0,0.0
,,,0.0,0.0,0.0
0.0,0.0,0.0,0.0,0.0,0.0
,,,0.0,0.0,0.0
0.0,0.0,0.0,0.0,0.0,0.0
0.0,0.0,0.0,0.0,0.0,0.0
0.0,0.0,0.0,0.0,0.0,0.0
0.0,0.0,0.0,0.0,0.0,0.0
5.0,,,,,
8.0,,,,107.0,106.0
3.0,51.0,50.0,,,50.0
0.0,0.0,0.0,0.0,0.0,0.0
,,,,,
0.0,0.0,0.0,0.0,0.0,0.0
7.0,,,4.0,,
,,,,,
0.0,0.0,0.0,0.0,0.0,0.0
,,,,,
22.0,,,17.0,258.0,255.0
0.0,0.0,0.0,0.0,0.0,0.0
0.0,0.0,0.0,0.0,0.0,0.0
0.0,0.0,0.0,0.0,0.0,0.0
143.0,1935.0,1856.0,,1435.0,1373.0
,,,,,
10.0,,,,,
0.0,0.0,0.0,0.0,0.0,0.0
,52.0,,,,
0.0,0.0,0.0,0.0,0.0,0.0
0.0,0.0,0.0,0.0,0.0,0.0
0.0,0.0,0.0,0.0,0.0,0.0
0.0,0.0,0.0,0.0,0.0,0.0
,,,,,
0.0,0.0,0.0,0.0,0.0,0.0
5.0,67.0,65.0,5.0,,
0.0,0.0,0.0,0.0,0.0,0.0
0.0,0.0,0.0,0.0,0.0,0.0
9.0,109.0,102.0,4.0,51.0,46.0
9.0,109.0,102.0,4.0,51.0,46.0
,,,,,
0.0,0.0,0.0,0.0,0.0,0.0
0.0,0.0,0.0,0.0,0.0,0.0
5.0,,,4.0,54.0,53.0
0.0,0.0,0.0,0.0,0.0,0.0
27.0,,,21.0,312.0,308.0
,,,,,
,,,,,
5.0,122.0,120.0,,,
0.0,0.0,0.0,0.0,0.0,0.0
,,,0.0,0.0,0.0
0.0,0.0,0.0,0.0,0.0,0.0
,,,0.0,0.0,0.0
0.0,0.0,0.0,0.0,0.0,0.0
,,,,,
,,,,119.0,116.0
0.0,0.0,0.0,0.0,0.0,0.0
0.0,0.0,0.0,0.0,0.0,0.0
0.0,0.0,0.0,0.0,0.0,0.0
0.0,0.0,0.0,0.0,0.0,0.0
0.0,0.0,0.0,0.0,0.0,0.0
,,,,,
0.0,0.0,0.0,0.0,0.0,0.0
70.0,2100.0,2066.0,42.0,,
,,,,,
0.0,0.0,0.0,0.0,0.0,0.0
,,,,,
0.0,0.0,0.0,0.0,0.0,0.0
0.0,0.0,0.0,0.0,0.0,0.0
,,,0.0,0.0,0.0
0.0,0.0,0.0,0.0,0.0,0.0
,,,0.0,0.0,0.0
4.0,120.0,120.0,0.0,0.0,0.0
4.0,120.0,120.0,0.0,0.0,0.0
,,,,,
0.0,0.0,0.0,0.0,0.0,0.0
,,,,,
,,,,,
0.0,0.0,0.0,0.0,0.0,0.0
,,,0.0,0.0,0.0
,,,,,
,,,,,
,,,,,
,,,3.0,,
0.0,0.0,0.0,0.0,0.0,0.0
0.0,0.0,0.0,0.0,0.0,0.0
,,,,,
,,,,253.0,251.0
0.0,0.0,0.0,0.0,0.0,0.0
,120.0,,0.0,0.0,0.0
,120.0,,0.0,0.0,0.0
0.0,0.0,0.0,0.0,0.0,0.0
8.0,246.0,246.0,4.0,126.0,126.0
0.0,0.0,0.0,0.0,0.0,0.0
0.0,0.0,0.0,0.0,0.0,0.0
0.0,0.0,0.0,0.0,0.0,0.0
0.0,0.0,0.0,0.0,0.0,0.0
0.0,0.0,0.0,0.0,0.0,0.0
0.0,0.0,0.0,0.0,0.0,0.0
,,,0.0,0.0,0.0
,,,0.0,0.0,0.0
,,,0.0,0.0,0.0
,,,,,
0.0,0.0,0.0,0.0,0.0,0.0
0.0,0.0,0.0,0.0,0.0,0.0
0.0,0.0,0.0,0.0,0.0,0.0
0.0,0.0,0.0,0.0,0.0,0.0
0.0,0.0,0.0,0.0,0.0,0.0
0.0,0.0,0.0,0.0,0.0,0.0
,,,0.0,0.0,0.0
,,,,,
0.0,0.0,0.0,0.0,0.0,0.0
0.0,0.0,0.0,0.0,0.0,0.0
0.0,0.0,0.0,0.0,0.0,0.0
,,,,,
0.0,0.0,0.0,0.0,0.0,0.0
0.0,0.0,0.0,0.0,0.0,0.0
0.0,0.0,0.0,0.0,0.0,0.0
0.0,0.0,0.0,0.0,0.0,0.0
,,,0.0,0.0,0.0
,,,0.0,0.0,0.0
0.0,0.0,0.0,0.0,0.0,0.0
0.0,0.0,0.0,0.0,0.0,0.0
0.0,0.0,0.0,0.0,0.0,0.0
4.0,126.0,126.0,4.0,126.0,126.0
,,,,,
0.0,0.0,0.0,0.0,0.0,0.0
,,,,,
0.0,0.0,0.0,0.0,0.0,0.0
0.0,0.0,0.0,0.0,0.0,0.0
,,,,,
,,,,,
,,,,,
,,,0.0,0.0,0.0
0.0,0.0,0.0,0.0,0.0,0.0
,,,0.0,0.0,0.0
0.0,0.0,0.0,0.0,0.0,0.0
,,,0.0,0.0,0.0
0.0,0.0,0.0,0.0,0.0,0.0
0.0,0.0,0.0,0.0,0.0,0.0
,,,,,
0.0,0.0,0.0,0.0,0.0,0.0
7.0,213.0,212.0,6.0,183.0,182.0
,143.0,141.0,,,
3.0,,,,,
,,,0.0,0.0,0.0
0.0,0.0,0.0,0.0,0.0,0.0
0.0,0.0,0.0,0.0,0.0,0.0
,,,,,
0.0,0.0,0.0,0.0,0.0,0.0
0.0,0.0,0.0,0.0,0.0,0.0
0.0,0.0,0.0,0.0,0.0,0.0
,268.0,266.0,5.0,,
,,,,,
0.0,0.0,0.0,0.0,0.0,0.0
0.0,0.0,0.0,0.0,0.0,0.0
66.0,1971.0,1937.0,,,
,,,,,
,,,,,
0.0,0.0,0.0,0.0,0.0,0.0
,,,,,
0.0,0.0,0.0,0.0,0.0,0.0
0.0,0.0,0.0,0.0,0.0,0.0
0.0,0.0,0.0,0.0,0.0,0.0
0.0,0.0,0.0,0.0,0.0,0.0
0.0,0.0,0.0,0.0,0.0,0.0
0.0,0.0,0.0,0.0,0.0,0.0
,,,,107.0,106.0
,,,,,
,,,,,
,,,0.0,0.0,0.0
,,,0.0,0.0,0.0
,,,,,
0.0,0.0,0.0,0.0,0.0,0.0
0.0,0.0,0.0,0.0,0.0,0.0
,129.0,129.0,,,
3.0,83.0,83.0,,,
16.0,480.0,478.0,,,
0.0,0.0,0.0,0.0,0.0,0.0
0.0,0.0,0.0,0.0,0.0,0.0
0.0,0.0,0.0,0.0,0.0,0.0
,,,0.0,0.0,0.0
0.0,0.0,0.0,0.0,0.0,0.0
0.0,0.0,0.0,0.0,0.0,0.0
,,,0.0,0.0,0.0
0.0,0.0,0.0,0.0,0.0,0.0
0.0,0.0,0.0,0.0,0.0,0.0
,,,0.0,0.0,0.0
0.0,0.0,0.0,0.0,0.0,0.0
0.0,0.0,0.0,0.0,0.0,0.0
0.0,0.0,0.0,0.0,0.0,0.0
0.0,0.0,0.0,0.0,0.0,0.0
0.0,0.0,0.0,0.0,0.0,0.0
0.0,0.0,0.0,0.0,0.0,0.0
0.0,0.0,0.0,0.0,0.0,0.0
9.0,5048.0,5048.0,,,
0.0,0.0,0.0,0.0,0.0,0.0
0.0,0.0,0.0,0.0,0.0,0.0
0.0,0.0,0.0,0.0,0.0,0.0
0.0,0.0,0.0,0.0,0.0,0.0
0.0,0.0,0.0,0.0,0.0,0.0
0.0,0.0,0.0,0.0,0.0,0.0
0.0,0.0,0.0,0.0,0.0,0.0
0.0,0.0,0.0,0.0,0.0,0.0
0.0,0.0,0.0,0.0,0.0,0.0
0.0,0.0,0.0,0.0,0.0,0.0
0.0,0.0,0.0,0.0,0.0,0.0
0.0,0.0,0.0,0.0,0.0,0.0
,,,0.0,0.0,0.0
,,,0.0,0.0,0.0
0.0,0.0,0.0,0.0,0.0,0.0
,,,0.0,0.0,0.0
0.0,0.0,0.0,0.0,0.0,0.0
0.0,0.0,0.0,0.0,0.0,0.0
,,,0.0,0.0,0.0
0.0,0.0,0.0,0.0,0.0,0.0
0.0,0.0,0.0,0.0,0.0,0.0
0.0,0.0,0.0,0.0,0.0,0.0
0.0,0.0,0.0,0.0,0.0,0.0
0.0,0.0,0.0,0.0,0.0,0.0
0.0,0.0,0.0,0.0,0.0,0.0
0.0,0.0,0.0,0.0,0.0,0.0
0.0,0.0,0.0,0.0,0.0,0.0
0.0,0.0,0.0,0.0,0.0,0.0
0.0,0.0,0.0,0.0,0.0,0.0
0.0,0.0,0.0,0.0,0.0,0.0
0.0,0.0,0.0,0.0,0.0,0.0
0.0,0.0,0.0,0.0,0.0,0.0
0.0,0.0,0.0,0.0,0.0,0.0
0.0,0.0,0.0,0.0,0.0,0.0
0.0,0.0,0.0,0.0,0.0,0.0
0.0,0.0,0.0,0.0,0.0,0.0
,,,0.0,0.0,0.0
0.0,0.0,0.0,0.0,0.0,0.0
0.0,0.0,0.0,0.0,0.0,0.0
0.0,0.0,0.0,0.0,0.0,0.0
0.0,0.0,0.0,0.0,0.0,0.0
0.0,0.0,0.0,0.0,0.0,0.0
0.0,0.0,0.0,0.0,0.0,0.0
0.0,0.0,0.0,0.0,0.0,0.0
0.0,0.0,0.0,0.0,0.0,0.0
0.0,0.0,0.0,0.0,0.0,0.0
,,,0.0,0.0,0.0
0.0,0.0,0.0,0.0,0.0,0.0
0.0,0.0,0.0,0.0,0.0,0.0
0.0,0.0,0.0,0.0,0.0,0.0
0.0,0.0,0.0,0.0,0.0,0.0
0.0,0.0,0.0,0.0,0.0,0.0
0.0,0.0,0.0,0.0,0.0,0.0
0.0,0.0,0.0,0.0,0.0,0.0
,,,0.0,0.0,0.0
0.0,0.0,0.0,0.0,0.0,0.0
0.0,0.0,0.0,0.0,0.0,0.0
0.0,0.0,0.0,0.0,0.0,0.0
0.0,0.0,0.0,0.0,0.0,0.0
0.0,0.0,0.0,0.0,0.0,0.0
0.0,0.0,0.0,0.0,0.0,0.0
0.0,0.0,0.0,0.0,0.0,0.0
0.0,0.0,0.0,0.0,0.0,0.0
,,,0.0,0.0,0.0
0.0,0.0,0.0,0.0,0.0,0.0
0.0,0.0,0.0,0.0,0.0,0.0
,,,0.0,0.0,0.0
,,,0.0,0.0,0.0
,,,0.0,0.0,0.0
0.0,0.0,0.0,0.0,0.0,0.0
0.0,0.0,0.0,0.0,0.0,0.0
0.0,0.0,0.0,0.0,0.0,0.0
0.0,0.0,0.0,0.0,0.0,0.0
0.0,0.0,0.0,0.0,0.0,0.0
0.0,0.0,0.0,0.0,0.0,0.0
0.0,0.0,0.0,0.0,0.0,0.0
0.0,0.0,0.0,0.0,0.0,0.0
0.0,0.0,0.0,0.0,0.0,0.0
0.0,0.0,0.0,0.0,0.0,0.0
0.0,0.0,0.0,0.0,0.0,0.0
0.0,0.0,0.0,0.0,0.0,0.0
0.0,0.0,0.0,0.0,0.0,0.0
0.0,0.0,0.0,0.0,0.0,0.0
,,,0.0,0.0,0.0
,,,,,
0.0,0.0,0.0,0.0,0.0,0.0
0.0,0.0,0.0,0.0,0.0,0.0
0.0,0.0,0.0,0.0,0.0,0.0
,,,,,
0.0,0.0,0.0,0.0,0.0,0.0
0.0,0.0,0.0,0.0,0.0,0.0
0.0,0.0,0.0,0.0,0.0,0.0
,,,,,
0.0,0.0,0.0,0.0,0.0,0.0
0.0,0.0,0.0,0.0,0.0,0.0
0.0,0.0,0.0,0.0,0.0,0.0
0.0,0.0,0.0,0.0,0.0,0.0
0.0,0.0,0.0,0.0,0.0,0.0
0.0,0.0,0.0,0.0,0.0,0.0
0.0,0.0,0.0,0.0,0.0,0.0
0.0,0.0,0.0,0.0,0.0,0.0
0.0,0.0,0.0,0.0,0.0,0.0
0.0,0.0,0.0,0.0,0.0,0.0
0.0,0.0,0.0,0.0,0.0,0.0
0.0,0.0,0.0,0.0,0.0,0.0
0.0,0.0,0.0,0.0,0.0,0.0
0.0,0.0,0.0,0.0,0.0,0.0
0.0,0.0,0.0,0.0,0.0,0.0
0.0,0.0,0.0,0.0,0.0,0.0
0.0,0.0,0.0,0.0,0.0,0.0
0.0,0.0,0.0,0.0,0.0,0.0
0.0,0.0,0.0,0.0,0.0,0.0
0.0,0.0,0.0,0.0,0.0,0.0
,,,,,
0.0,0.0,0.0,0.0,0.0,0.0
,,,0.0,0.0,0.0
4.0,452.0,452.0,,,
0.0,0.0,0.0,0.0,0.0,0.0
0.0,0.0,0.0,0.0,0.0,0.0
0.0,0.0,0.0,0.0,0.0,0.0
0.0,0.0,0.0,0.0,0.0,0.0
0.0,0.0,0.0,0.0,0.0,0.0
,,,0.0,0.0,0.0
0.0,0.0,0.0,0.0,0.0,0.0
0.0,0.0,0.0,0.0,0.0,0.0
0.0,0.0,0.0,0.0,0.0,0.0
0.0,0.0,0.0,0.0,0.0,0.0
,,,0.0,0.0,0.0
,,,0.0,0.0,0.0
0.0,0.0,0.0,0.0,0.0,0.0
,,,0.0,0.0,0.0
40.0,4077.0,4073.0,,1419.0,1415.0
0.0,0.0,0.0,0.0,0.0,0.0
0.0,0.0,0.0,0.0,0.0,0.0
0.0,0.0,0.0,0.0,0.0,0.0
0.0,0.0,0.0,0.0,0.0,0.0
0.0,0.0,0.0,0.0,0.0,0.0
,,,0.0,0.0,0.0
0.0,0.0,0.0,0.0,0.0,0.0
,,,0.0,0.0,0.0
,,,0.0,0.0,0.0
,,,0.0,0.0,0.0
0.0,0.0,0.0,0.0,0.0,0.0
0.0,0.0,0.0,0.0,0.0,0.0
,,,,,
,,,,,
0.0,0.0,0.0,0.0,0.0,0.0
0.0,0.0,0.0,0.0,0.0,0.0
,,,,,
,,,,,
0.0,0.0,0.0,0.0,0.0,0.0
,,,,,
0.0,0.0,0.0,0.0,0.0,0.0
0.0,0.0,0.0,0.0,0.0,0.0
,,,,,
,,,,,
0.0,0.0,0.0,0.0,0.0,0.0
,,,0.0,0.0,0.0
,,,0.0,0.0,0.0
0.0,0.0,0.0,0.0,0.0,0.0
9.0,874.0,874.0,5.0,461.0,461.0
,,,0.0,0.0,0.0
0.0,0.0,0.0,0.0,0.0,0.0
0.0,0.0,0.0,0.0,0.0,0.0
0.0,0.0,0.0,0.0,0.0,0.0
0.0,0.0,0.0,0.0,0.0,0.0
0.0,0.0,0.0,0.0,0.0,0.0
0.0,0.0,0.0,0.0,0.0,0.0
0.0,0.0,0.0,0.0,0.0,0.0
0.0,0.0,0.0,0.0,0.0,0.0
,,,0.0,0.0,0.0
0.0,0.0,0.0,0.0,0.0,0.0
,,,0.0,0.0,0.0
0.0,0.0,0.0,0.0,0.0,0.0
0.0,0.0,0.0,0.0,0.0,0.0
0.0,0.0,0.0,0.0,0.0,0.0
,,,0.0,0.0,0.0
0.0,0.0,0.0,0.0,0.0,0.0
,,,0.0,0.0,0.0
0.0,0.0,0.0,0.0,0.0,0.0
0.0,0.0,0.0,0.0,0.0,0.0
0.0,0.0,0.0,0.0,0.0,0.0
0.0,0.0,0.0,0.0,0.0,0.0
0.0,0.0,0.0,0.0,0.0,0.0
0.0,0.0,0.0,0.0,0.0,0.0
0.0,0.0,0.0,0.0,0.0,0.0
0.0,0.0,0.0,0.0,0.0,0.0
,,,,,
0.0,0.0,0.0,0.0,0.0,0.0
0.0,0.0,0.0,0.0,0.0,0.0
0.0,0.0,0.0,0.0,0.0,0.0
,,,,,
5.0,539.0,539.0,,,
,,,,,
0.0,0.0,0.0,0.0,0.0,0.0
5.0,501.0,500.0,,,
,,,,,
,,,,,
0.0,0.0,0.0,0.0,0.0,0.0
0.0,0.0,0.0,0.0,0.0,0.0
0.0,0.0,0.0,0.0,0.0,0.0
0.0,0.0,0.0,0.0,0.0,0.0
0.0,0.0,0.0,0.0,0.0,0.0
0.0,0.0,0.0,0.0,0.0,0.0
0.0,0.0,0.0,0.0,0.0,0.0
0.0,0.0,0.0,0.0,0.0,0.0
0.0,0.0,0.0,0.0,0.0,0.0
0.0,0.0,0.0,0.0,0.0,0.0
0.0,0.0,0.0,0.0,0.0,0.0
0.0,0.0,0.0,0.0,0.0,0.0
3.0,260.0,260.0,,,
,,,,,
0.0,0.0,0.0,0.0,0.0,0.0
0.0,0.0,0.0,0.0,0.0,0.0
0.0,0.0,0.0,0.0,0.0,0.0
0.0,0.0,0.0,0.0,0.0,0.0
,178.0,177.0,,,
0.0,0.0,0.0,0.0,0.0,0.0
0.0,0.0,0.0,0.0,0.0,0.0
0.0,0.0,0.0,0.0,0.0,0.0
4.0,,,,,
0.0,0.0,0.0,0.0,0.0,0.0
0.0,0.0,0.0,0.0,0.0,0.0
0.0,0.0,0.0,0.0,0.0,0.0
,,,,1419.0,1415.0
0.0,0.0,0.0,0.0,0.0,0.0
,554.0,554.0,,,
0.0,0.0,0.0,0.0,0.0,0.0
0.0,0.0,0.0,0.0,0.0,0.0
,,,0.0,0.0,0.0
0.0,0.0,0.0,0.0,0.0,0.0
0.0,0.0,0.0,0.0,0.0,0.0
0.0,0.0,0.0,0.0,0.0,0.0
0.0,0.0,0.0,0.0,0.0,0.0
0.0,0.0,0.0,0.0,0.0,0.0
,,,,,
0.0,0.0,0.0,0.0,0.0,0.0
0.0,0.0,0.0,0.0,0.0,0.0
,,,0.0,0.0,0.0
,,,0.0,0.0,0.0
0.0,0.0,0.0,0.0,0.0,0.0
0.0,0.0,0.0,0.0,0.0,0.0
0.0,0.0,0.0,0.0,0.0,0.0
,,,,,
0.0,0.0,0.0,0.0,0.0,0.0
,398.0,397.0,5.0,327.0,326.0
0.0,0.0,0.0,0.0,0.0,0.0
346.0,689.0,430.0,277.0,398.0,194.0
1751.0,4376.0,3174.0,1513.0,3601.0,2572.0
523.0,1014.0,611.0,446.0,567.0,222.0
322.0,438.0,313.0,281.0,352.0,234.0
10.0,25.0,21.0,9.0,24.0,20.0
138.0,838.0,803.0,119.0,160.0,127.0
85.0,88.0,86.0,61.0,64.0,62.0
1482.0,1800.0,1156.0,1267.0,1468.0,903.0
2102.0,3360.0,2260.0,1539.0,2031.0,1126.0
254.0,266.0,107.0,214.0,222.0,92.0
281.0,296.0,120.0,235.0,246.0,103.0
8.0,22.0,20.0,7.0,21.0,19.0
751.0,1110.0,,650.0,732.0,401.0
784.0,1255.0,867.0,679.0,763.0,420.0
1250.0,1447.0,408.0,966.0,1128.0,334.0
248.0,362.0,185.0,195.0,244.0,108.0
35473.0,56740.0,33350.0,28750.0,40634.0,21315.0
161.0,233.0,139.0,145.0,216.0,128.0
67.0,73.0,64.0,43.0,46.0,40.0
301.0,463.0,180.0,246.0,361.0,130.0
,,,,,
54.0,65.0,45.0,50.0,60.0,40.0
541.0,794.0,573.0,465.0,517.0,323.0
9.0,10.0,,8.0,9.0,
454.0,610.0,408.0,392.0,441.0,
1311.0,1758.0,1206.0,1132.0,1271.0,787.0
1311.0,1758.0,1206.0,1132.0,1271.0,787.0
6957.0,8405.0,2823.0,5576.0,6841.0,2328.0
804.0,827.0,79.0,596.0,618.0,62.0
1202.0,3114.0,2099.0,1011.0,1365.0,513.0
1202.0,3114.0,2099.0,1011.0,1365.0,513.0
91.0,108.0,100.0,49.0,52.0,44.0
193.0,904.0,,172.0,224.0,169.0
1887.0,2269.0,2057.0,1316.0,1678.0,1487.0
2252.0,3015.0,2666.0,1625.0,2074.0,1755.0
223.0,1298.0,,200.0,289.0,170.0
1405.0,3687.0,2744.0,1236.0,3203.0,2378.0
196.0,265.0,130.0,158.0,200.0,91.0
31.0,35.0,22.0,27.0,31.0,19.0
1452.0,2244.0,1006.0,1222.0,1752.0,719.0
1921.0,4167.0,2690.0,1642.0,2922.0,1672.0
28.0,31.0,19.0,24.0,27.0,17.0
,2149.0,,1449.0,,
,2180.0,,1473.0,,
107.0,120.0,68.0,98.0,111.0,64.0
2129.0,3529.0,2595.0,1821.0,2619.0,1815.0
43.0,308.0,296.0,28.0,44.0,34.0
6.0,8.0,,6.0,8.0,
1242.0,1426.0,303.0,924.0,1096.0,275.0
294.0,387.0,113.0,225.0,311.0,103.0
22.0,25.0,18.0,16.0,19.0,12.0
,,,4.0,4.0,
303.0,489.0,202.0,248.0,384.0,147.0
826.0,1503.0,813.0,694.0,951.0,369.0
29.0,56.0,39.0,26.0,26.0,11.0
1397.0,1712.0,1070.0,1206.0,1404.0,841.0
18.0,24.0,22.0,13.0,19.0,
42.0,160.0,,36.0,40.0,21.0
40.0,43.0,,,,
24.0,24.0,17.0,15.0,15.0,10.0
52.0,65.0,42.0,42.0,55.0,36.0
112.0,297.0,,98.0,115.0,39.0
35.0,85.0,70.0,27.0,32.0,22.0
1560.0,3307.0,2289.0,1277.0,1607.0,773.0
27.0,30.0,13.0,21.0,24.0,11.0
33.0,42.0,32.0,27.0,36.0,27.0
120.0,151.0,66.0,101.0,131.0,55.0
367.0,487.0,266.0,316.0,434.0,235.0
76.0,78.0,40.0,61.0,63.0,32.0
36.0,47.0,32.0,34.0,45.0,30.0
307.0,344.0,,267.0,304.0,197.0
1427.0,2294.0,989.0,1180.0,1603.0,521.0
1081.0,1234.0,395.0,914.0,1040.0,334.0
350.0,393.0,195.0,295.0,315.0,148.0
65.0,70.0,34.0,55.0,60.0,28.0
158.0,190.0,84.0,135.0,159.0,68.0
216.0,279.0,78.0,173.0,233.0,73.0
413.0,1139.0,920.0,335.0,771.0,595.0
449.0,751.0,341.0,392.0,691.0,334.0
29.0,45.0,26.0,28.0,44.0,
4693.0,6596.0,3703.0,3974.0,4763.0,2303.0
33.0,149.0,,27.0,142.0,
194.0,283.0,212.0,168.0,255.0,192.0
2042.0,2745.0,1518.0,1579.0,1870.0,848.0
2042.0,2745.0,1518.0,1579.0,1870.0,848.0
488.0,924.0,821.0,366.0,460.0,372.0
691.0,778.0,646.0,364.0,405.0,310.0
15.0,16.0,9.0,12.0,13.0,7.0
622.0,699.0,605.0,311.0,345.0,281.0
32.0,38.0,14.0,25.0,28.0,10.0
1487.0,1748.0,633.0,1170.0,1364.0,436.0
138.0,157.0,70.0,108.0,124.0,52.0
170.0,205.0,58.0,140.0,173.0,54.0
88.0,122.0,99.0,73.0,107.0,85.0
40.0,40.0,13.0,36.0,36.0,12.0
80.0,620.0,600.0,67.0,356.0,340.0
363.0,937.0,700.0,309.0,774.0,573.0
56.0,200.0,167.0,43.0,166.0,139.0
102.0,162.0,94.0,83.0,109.0,54.0
268.0,444.0,237.0,226.0,394.0,217.0
82.0,505.0,,71.0,108.0,74.0
630.0,1651.0,1236.0,521.0,1440.0,1091.0
175.0,303.0,194.0,154.0,269.0,173.0
61.0,81.0,,52.0,71.0,25.0
354.0,409.0,187.0,311.0,364.0,166.0
2091.0,4692.0,3310.0,1770.0,3695.0,2512.0
128.0,162.0,112.0,109.0,143.0,97.0
39.0,58.0,38.0,28.0,43.0,28.0
74.0,111.0,,62.0,95.0,55.0
26759.0,44783.0,28036.0,21765.0,32020.0,18085.0
649.0,915.0,338.0,521.0,732.0,273.0
389.0,1303.0,1084.0,353.0,814.0,613.0
412.0,437.0,93.0,353.0,378.0,87.0
386.0,529.0,268.0,317.0,453.0,242.0
33.0,145.0,,29.0,31.0,19.0
71.0,80.0,,61.0,69.0,
19.0,19.0,,19.0,19.0,12.0
99.0,109.0,43.0,73.0,83.0,34.0
103.0,125.0,29.0,93.0,114.0,26.0
19.0,20.0,8.0,16.0,17.0,6.0
1913.0,2534.0,909.0,1504.0,2078.0,824.0
63.0,95.0,64.0,49.0,81.0,56.0
128.0,165.0,98.0,104.0,141.0,84.0
111.0,346.0,240.0,76.0,152.0,77.0
111.0,346.0,240.0,76.0,152.0,77.0
187.0,298.0,218.0,159.0,238.0,172.0
73.0,95.0,70.0,56.0,78.0,58.0
27.0,37.0,27.0,22.0,32.0,24.0
1059.0,1559.0,1127.0,885.0,1191.0,828.0
757.0,1150.0,530.0,616.0,907.0,408.0
3907.0,7401.0,4967.0,3271.0,5793.0,3748.0
150.0,202.0,74.0,121.0,172.0,70.0
,,,,,
1708.0,3368.0,2204.0,1478.0,3029.0,2035.0
,,,446.0,567.0,222.0
,,,,,
,,,,,
134.0,,,,,
85.0,88.0,86.0,61.0,64.0,62.0
1475.0,1593.0,950.0,1262.0,1372.0,808.0
2087.0,2407.0,1311.0,1529.0,1818.0,917.0
254.0,266.0,107.0,214.0,222.0,92.0
281.0,296.0,120.0,235.0,246.0,103.0
,,,,,
,,460.0,650.0,732.0,401.0
779.0,872.0,484.0,679.0,763.0,420.0
1244.0,,,961.0,1047.0,257.0
,,,195.0,244.0,108.0
35191.0,43323.0,20061.0,28567.0,35947.0,16714.0
,,,,,
67.0,73.0,64.0,43.0,46.0,40.0
,,,,,
,,,,,
54.0,65.0,45.0,50.0,60.0,40.0
536.0,578.0,357.0,,,
9.0,10.0,,8.0,9.0,
,,,,,251.0
1301.0,1420.0,869.0,,,
1301.0,1420.0,869.0,,,
6941.0,8174.0,2602.0,5562.0,6632.0,2127.0
804.0,827.0,79.0,596.0,618.0,62.0
1195.0,,,1006.0,1217.0,368.0
1195.0,,,1006.0,1217.0,368.0
,,,49.0,52.0,44.0
189.0,,,,,
1881.0,2093.0,1881.0,1311.0,1512.0,1321.0
2241.0,2533.0,2185.0,,,
219.0,,141.0,,,
,,,,,
,,,158.0,200.0,91.0
31.0,35.0,22.0,27.0,31.0,19.0
1439.0,1876.0,671.0,1217.0,1642.0,612.0
1878.0,,,1614.0,2227.0,983.0
28.0,31.0,19.0,24.0,27.0,17.0
,1811.0,,1446.0,,
,1842.0,,1470.0,,
107.0,120.0,68.0,98.0,111.0,64.0
2103.0,2285.0,1352.0,1807.0,1966.0,1163.0
,,,28.0,44.0,34.0
6.0,8.0,,6.0,8.0,
,,,,,
,,,,,
22.0,25.0,18.0,16.0,19.0,12.0
,,,4.0,4.0,
,,,,,
821.0,,,,,
,,,26.0,26.0,11.0
1390.0,1505.0,864.0,1201.0,1308.0,746.0
18.0,24.0,22.0,13.0,19.0,
,,23.0,36.0,40.0,21.0
40.0,43.0,,,,
24.0,24.0,17.0,15.0,15.0,10.0
,,,,,
,,39.0,98.0,115.0,39.0
,,,27.0,32.0,22.0
,,,1273.0,1534.0,701.0
27.0,30.0,13.0,21.0,24.0,11.0
33.0,42.0,32.0,27.0,36.0,27.0
,,,,,
,,,,354.0,155.0
76.0,78.0,40.0,61.0,63.0,32.0
36.0,47.0,32.0,34.0,45.0,30.0
,,204.0,,,
1422.0,,,1177.0,1567.0,487.0
1078.0,1146.0,309.0,,,
,,,295.0,315.0,148.0
65.0,70.0,34.0,55.0,60.0,28.0
158.0,190.0,84.0,135.0,159.0,68.0
,,,,,
400.0,,,327.0,346.0,170.0
445.0,583.0,174.0,388.0,523.0,167.0
29.0,45.0,26.0,28.0,44.0,
4661.0,5265.0,2387.0,3960.0,4500.0,2051.0
,,7.0,,,5.0
,,,,,
2037.0,2321.0,1094.0,,,
2037.0,2321.0,1094.0,,,
,,,,,
,,,364.0,405.0,310.0
15.0,16.0,9.0,12.0,13.0,7.0
,,,311.0,345.0,281.0
32.0,38.0,14.0,25.0,28.0,10.0
,,,1170.0,1364.0,436.0
138.0,157.0,70.0,108.0,124.0,52.0
170.0,205.0,58.0,140.0,173.0,54.0
,,,,,
40.0,40.0,13.0,36.0,36.0,12.0
65.0,,,57.0,66.0,51.0
350.0,594.0,360.0,299.0,514.0,316.0
50.0,,,38.0,72.0,
,,,83.0,109.0,54.0
,,,,,
,,,71.0,108.0,74.0
618.0,913.0,499.0,512.0,740.0,392.0
,,,,,
61.0,81.0,,52.0,71.0,25.0
,,,,,
2054.0,3030.0,1655.0,1743.0,2604.0,1427.0
,,,,,
39.0,58.0,38.0,28.0,43.0,28.0
74.0,111.0,,62.0,95.0,55.0
26505.0,33065.0,16435.0,21600.0,27615.0,13757.0
644.0,794.0,221.0,517.0,659.0,204.0
374.0,566.0,349.0,340.0,519.0,320.0
412.0,437.0,93.0,353.0,378.0,87.0
,,191.0,312.0,372.0,165.0
,,24.0,29.0,31.0,19.0
71.0,80.0,,61.0,69.0,
19.0,19.0,,19.0,19.0,12.0
99.0,109.0,43.0,73.0,83.0,34.0
,,,,,
19.0,20.0,8.0,16.0,17.0,6.0
1903.0,2246.0,624.0,1495.0,1819.0,568.0
,,,,,
,,,,,
,,,72.0,101.0,31.0
,,,72.0,101.0,31.0
183.0,207.0,129.0,,176.0,112.0
73.0,95.0,70.0,56.0,78.0,58.0
27.0,37.0,27.0,22.0,32.0,24.0
1048.0,1221.0,790.0,,,
754.0,1067.0,447.0,,,
3856.0,5318.0,2892.0,3237.0,4531.0,2493.0
,,,,,
,,,,,
112.0,1415.0,1360.0,,,
,,,,,
4.0,49.0,48.0,,,
0.0,0.0,0.0,,,
,,,,,
,,,,,
,,,,,
,,,,,
0.0,0.0,0.0,,,
0.0,0.0,0.0,,,
,,,,,
,,,,,
,,,,,
,,,,,
,,,,,
254.0,3300.0,3172.0,,,
0.0,0.0,0.0,,,
0.0,0.0,0.0,,,
,,,,,
0.0,0.0,0.0,,,
0.0,0.0,0.0,,,
,,,,,
0.0,0.0,0.0,,,
,,,,,
,,,,,
,,,,,
,172.0,,,,
0.0,0.0,0.0,,,
,,,,,
,,,,,
0.0,0.0,0.0,,,
,,,,,
3.0,38.0,38.0,,,
,,,,,
,,,,,
,,,,,
,,,,,
0.0,0.0,0.0,,,
,,,,,
17.0,225.0,213.0,,,
0.0,0.0,0.0,,,
,,,,,
,,,,,
,,,,,
11.0,145.0,145.0,,,
,,,,,
0.0,0.0,0.0,,,
,,,,,
,,,,,
0.0,0.0,0.0,,,
0.0,0.0,0.0,,,
,,,,,
4.0,52.0,44.0,,,
0.0,0.0,0.0,,,
,,,,,
0.0,0.0,0.0,,,
0.0,0.0,0.0,,,
0.0,0.0,0.0,,,
0.0,0.0,0.0,,,
0.0,0.0,0.0,,,
0.0,0.0,0.0,,,
0.0,0.0,0.0,,,
,51.0,,,,
0.0,0.0,0.0,,,
0.0,0.0,0.0,,,
0.0,0.0,0.0,,,
0.0,0.0,0.0,,,
0.0,0.0,0.0,,,
,,,,,
0.0,0.0,0.0,,,
,,,,,
,,,,,
,,,,,
0.0,0.0,0.0,,,
0.0,0.0,0.0,,,
,,,,,
5.0,63.0,63.0,,,
,,,,,
,,,,,
,,,,,
0.0,0.0,0.0,,,
,,,,,
,,,,,
,,,,,
0.0,0.0,0.0,,,
0.0,0.0,0.0,,,
0.0,0.0,0.0,,,
0.0,0.0,0.0,,,
0.0,0.0,0.0,,,
,,,,,
0.0,0.0,0.0,,,
0.0,0.0,0.0,,,
,,,,,
0.0,0.0,0.0,,,
4.0,55.0,54.0,,,
15.0,211.0,207.0,,,
4.0,54.0,50.0,,,
,,,,,
4.0,53.0,52.0,,,
0.0,0.0,0.0,,,
,,,,,
,,,,,
0.0,0.0,0.0,,,
,,,,,
34.0,456.0,440.0,,,
,,,,,
0.0,0.0,0.0,,,
,,,,,
238.0,3077.0,2956.0,,,
,,,,,
,,,,,
0.0,0.0,0.0,,,
,,,,,
0.0,0.0,0.0,,,
,,,,,
0.0,0.0,0.0,,,
0.0,0.0,0.0,,,
0.0,0.0,0.0,,,
0.0,0.0,0.0,,,
8.0,107.0,100.0,,,
,,,,,
,,,,,
0.0,0.0,0.0,,,
0.0,0.0,0.0,,,
,,,,,
0.0,0.0,0.0,,,
0.0,0.0,0.0,,,
,,,,,
,,,,,
39.0,527.0,510.0,,,
,,,,,
,,,,,
19.0,514.0,504.0,,,
0.0,0.0,0.0,,,
,,,,,
0.0,0.0,0.0,,,
,,,,,
0.0,0.0,0.0,,,
0.0,0.0,0.0,,,
6.0,180.0,180.0,,,
0.0,0.0,0.0,,,
0.0,0.0,0.0,,,
0.0,0.0,0.0,,,
0.0,0.0,0.0,,,
,,,,,
,,,,,
0.0,0.0,0.0,,,
84.0,2396.0,2377.0,,,
0.0,0.0,0.0,,,
0.0,0.0,0.0,,,
,,,,,
0.0,0.0,0.0,,,
,,,,,
0.0,0.0,0.0,,,
0.0,0.0,0.0,,,
0.0,0.0,0.0,,,
0.0,0.0,0.0,,,
0.0,0.0,0.0,,,
4.0,,112.0,,,
0.0,0.0,0.0,,,
,,,,,
,,,,,
0.0,0.0,0.0,,,
,,,,,
0.0,0.0,0.0,,,
,,,,,
,,,,,
,,,,,
0.0,0.0,0.0,,,
,,,,,
,,,,,
,,,,,
0.0,0.0,0.0,,,
0.0,0.0,0.0,,,
0.0,0.0,0.0,,,
0.0,0.0,0.0,,,
9.0,249.0,249.0,,,
,,,,,
0.0,0.0,0.0,,,
,,,,,
,,,,,
0.0,0.0,0.0,,,
0.0,0.0,0.0,,,
0.0,0.0,0.0,,,
0.0,0.0,0.0,,,
0.0,0.0,0.0,,,
0.0,0.0,0.0,,,
0.0,0.0,0.0,,,
0.0,0.0,0.0,,,
0.0,0.0,0.0,,,
0.0,0.0,0.0,,,
,,,,,
0.0,0.0,0.0,,,
0.0,0.0,0.0,,,
4.0,,113.0,,,
0.0,0.0,0.0,,,
0.0,0.0,0.0,,,
0.0,0.0,0.0,,,
0.0,0.0,0.0,,,
0.0,0.0,0.0,,,
,,,,,
0.0,0.0,0.0,,,
,,,,,
0.0,0.0,0.0,,,
0.0,0.0,0.0,,,
,,,,,
0.0,0.0,0.0,,,
0.0,0.0,0.0,,,
9.0,249.0,249.0,,,
,,,,,
0.0,0.0,0.0,,,
,,,,,
0.0,0.0,0.0,,,
0.0,0.0,0.0,,,
,,,,,
,,,,,
,,,,,
0.0,0.0,0.0,,,
0.0,0.0,0.0,,,
0.0,0.0,0.0,,,
0.0,0.0,0.0,,,
0.0,0.0,0.0,,,
0.0,0.0,0.0,,,
0.0,0.0,0.0,,,
,,,,,
0.0,0.0,0.0,,,
4.0,114.0,114.0,,,
9.0,270.0,270.0,,,
4.0,94.0,94.0,,,
,,,,,
0.0,0.0,0.0,,,
,,,,,
,,,,,
0.0,0.0,0.0,,,
0.0,0.0,0.0,,,
0.0,0.0,0.0,,,
16.0,429.0,429.0,,,
,,,,,
0.0,0.0,0.0,,,
0.0,0.0,0.0,,,
76.0,2170.0,2152.0,,,
,,,,,
,,,,,
0.0,0.0,0.0,,,
,,,,,
,,,,,
0.0,0.0,0.0,,,
0.0,0.0,0.0,,,
0.0,0.0,0.0,,,
0.0,0.0,0.0,,,
0.0,0.0,0.0,,,
4.0,104.0,102.0,,,
0.0,0.0,0.0,,,
,,,,,
0.0,0.0,0.0,,,
0.0,0.0,0.0,,,
0.0,0.0,0.0,,,
0.0,0.0,0.0,,,
0.0,0.0,0.0,,,
3.0,83.0,83.0,,,
0.0,0.0,0.0,,,
19.0,512.0,512.0,,,
0.0,0.0,0.0,,,
0.0,0.0,0.0,,,
0.0,0.0,0.0,,,
0.0,0.0,0.0,,,
0.0,0.0,0.0,,,
0.0,0.0,0.0,,,
0.0,0.0,0.0,,,
0.0,0.0,0.0,,,
0.0,0.0,0.0,,,
,,,,,
0.0,0.0,0.0,,,
0.0,0.0,0.0,,,
0.0,0.0,0.0,,,
0.0,0.0,0.0,,,
0.0,0.0,0.0,,,
0.0,0.0,0.0,,,
0.0,0.0,0.0,,,
,,,,,
0.0,0.0,0.0,,,
0.0,0.0,0.0,,,
,,,,,
0.0,0.0,0.0,,,
0.0,0.0,0.0,,,
0.0,0.0,0.0,,,
0.0,0.0,0.0,,,
0.0,0.0,0.0,,,
0.0,0.0,0.0,,,
0.0,0.0,0.0,,,
0.0,0.0,0.0,,,
0.0,0.0,0.0,,,
0.0,0.0,0.0,,,
0.0,0.0,0.0,,,
0.0,0.0,0.0,,,
0.0,0.0,0.0,,,
0.0,0.0,0.0,,,
0.0,0.0,0.0,,,
0.0,0.0,0.0,,,
0.0,0.0,0.0,,,
0.0,0.0,0.0,,,
0.0,0.0,0.0,,,
0.0,0.0,0.0,,,
0.0,0.0,0.0,,,
0.0,0.0,0.0,,,
0.0,0.0,0.0,,,
0.0,0.0,0.0,,,
0.0,0.0,0.0,,,
0.0,0.0,0.0,,,
0.0,0.0,0.0,,,
0.0,0.0,0.0,,,
0.0,0.0,0.0,,,
0.0,0.0,0.0,,,
0.0,0.0,0.0,,,
0.0,0.0,0.0,,,
0.0,0.0,0.0,,,
0.0,0.0,0.0,,,
0.0,0.0,0.0,,,
0.0,0.0,0.0,,,
0.0,0.0,0.0,,,
0.0,0.0,0.0,,,
0.0,0.0,0.0,,,
0.0,0.0,0.0,,,
0.0,0.0,0.0,,,
0.0,0.0,0.0,,,
0.0,0.0,0.0,,,
0.0,0.0,0.0,,,
0.0,0.0,0.0,,,
0.0,0.0,0.0,,,
0.0,0.0,0.0,,,
0.0,0.0,0.0,,,
0.0,0.0,0.0,,,
0.0,0.0,0.0,,,
0.0,0.0,0.0,,,
0.0,0.0,0.0,,,
0.0,0.0,0.0,,,
0.0,0.0,0.0,,,
0.0,0.0,0.0,,,
0.0,0.0,0.0,,,
0.0,0.0,0.0,,,
0.0,0.0,0.0,,,
0.0,0.0,0.0,,,
0.0,0.0,0.0,,,
0.0,0.0,0.0,,,
0.0,0.0,0.0,,,
0.0,0.0,0.0,,,
0.0,0.0,0.0,,,
0.0,0.0,0.0,,,
0.0,0.0,0.0,,,
0.0,0.0,0.0,,,
0.0,0.0,0.0,,,
0.0,0.0,0.0,,,
0.0,0.0,0.0,,,
0.0,0.0,0.0,,,
0.0,0.0,0.0,,,
0.0,0.0,0.0,,,
0.0,0.0,0.0,,,
0.0,0.0,0.0,,,
0.0,0.0,0.0,,,
0.0,0.0,0.0,,,
0.0,0.0,0.0,,,
0.0,0.0,0.0,,,
0.0,0.0,0.0,,,
0.0,0.0,0.0,,,
0.0,0.0,0.0,,,
0.0,0.0,0.0,,,
0.0,0.0,0.0,,,
0.0,0.0,0.0,,,
0.0,0.0,0.0,,,
0.0,0.0,0.0,,,
0.0,0.0,0.0,,,
0.0,0.0,0.0,,,
,,,,,
,,,,,
0.0,0.0,0.0,,,
0.0,0.0,0.0,,,
0.0,0.0,0.0,,,
0.0,0.0,0.0,,,
0.0,0.0,0.0,,,
0.0,0.0,0.0,,,
0.0,0.0,0.0,,,
0.0,0.0,0.0,,,
0.0,0.0,0.0,,,
0.0,0.0,0.0,,,
0.0,0.0,0.0,,,
0.0,0.0,0.0,,,
0.0,0.0,0.0,,,
0.0,0.0,0.0,,,
0.0,0.0,0.0,,,
0.0,0.0,0.0,,,
0.0,0.0,0.0,,,
0.0,0.0,0.0,,,
0.0,0.0,0.0,,,
0.0,0.0,0.0,,,
0.0,0.0,0.0,,,
0.0,0.0,0.0,,,
4.0,310.0,309.0,,,
0.0,0.0,0.0,,,
,,,,,
0.0,0.0,0.0,,,
0.0,0.0,0.0,,,
0.0,0.0,0.0,,,
,,,,,
,,,,,
0.0,0.0,0.0,,,
0.0,0.0,0.0,,,
0.0,0.0,0.0,,,
0.0,0.0,0.0,,,
0.0,0.0,0.0,,,
0.0,0.0,0.0,,,
,,,,,
,,,,,
0.0,0.0,0.0,,,
0.0,0.0,0.0,,,
0.0,0.0,0.0,,,
0.0,0.0,0.0,,,
0.0,0.0,0.0,,,
0.0,0.0,0.0,,,
0.0,0.0,0.0,,,
0.0,0.0,0.0,,,
0.0,0.0,0.0,,,
0.0,0.0,0.0,,,
,,,,,
0.0,0.0,0.0,,,
0.0,0.0,0.0,,,
0.0,0.0,0.0,,,
0.0,0.0,0.0,,,
0.0,0.0,0.0,,,
0.0,0.0,0.0,,,
,,,,,
0.0,0.0,0.0,,,
4.0,310.0,309.0,,,
0.0,0.0,0.0,,,
0.0,0.0,0.0,,,
,,,,,
,,,,,
0.0,0.0,0.0,,,
0.0,0.0,0.0,,,
0.0,0.0,0.0,,,
0.0,0.0,0.0,,,
3.0,189.0,189.0,,,
0.0,0.0,0.0,,,
0.0,0.0,0.0,,,
0.0,0.0,0.0,,,
0.0,0.0,0.0,,,
0.0,0.0,0.0,,,
0.0,0.0,0.0,,,
0.0,0.0,0.0,,,
0.0,0.0,0.0,,,
0.0,0.0,0.0,,,
,,,,,
0.0,0.0,0.0,,,
0.0,0.0,0.0,,,
0.0,0.0,0.0,,,
0.0,0.0,0.0,,,
0.0,0.0,0.0,,,
0.0,0.0,0.0,,,
0.0,0.0,0.0,,,
,,,,,
0.0,0.0,0.0,,,
0.0,0.0,0.0,,,
0.0,0.0,0.0,,,
0.0,0.0,0.0,,,
0.0,0.0,0.0,,,
0.0,0.0,0.0,,,
0.0,0.0,0.0,,,
0.0,0.0,0.0,,,
0.0,0.0,0.0,,,
0.0,0.0,0.0,,,
0.0,0.0,0.0,,,
0.0,0.0,0.0,,,
0.0,0.0,0.0,,,
3.0,189.0,189.0,,,
0.0,0.0,0.0,,,
,,,,,
,,,,,
0.0,0.0,0.0,,,
0.0,0.0,0.0,,,
0.0,0.0,0.0,,,
0.0,0.0,0.0,,,
0.0,0.0,0.0,,,
0.0,0.0,0.0,,,
0.0,0.0,0.0,,,
0.0,0.0,0.0,,,
0.0,0.0,0.0,,,
0.0,0.0,0.0,,,
0.0,0.0,0.0,,,
0.0,0.0,0.0,,,
0.0,0.0,0.0,,,
0.0,0.0,0.0,,,
0.0,0.0,0.0,,,
0.0,0.0,0.0,,,
0.0,0.0,0.0,,,
0.0,0.0,0.0,,,
0.0,0.0,0.0,,,
0.0,0.0,0.0,,,
0.0,0.0,0.0,,,
0.0,0.0,0.0,,,
0.0,0.0,0.0,,,
0.0,0.0,0.0,,,
0.0,0.0,0.0,,,
0.0,0.0,0.0,,,
0.0,0.0,0.0,,,
,,,,,
,,,,,
0.0,0.0,0.0,,,
,,,,,
0.0,0.0,0.0,,,
0.0,0.0,0.0,,,
0.0,0.0,0.0,,,
0.0,0.0,0.0,,,
0.0,0.0,0.0,,,
0.0,0.0,0.0,,,
0.0,0.0,0.0,,,
0.0,0.0,0.0,,,
0.0,0.0,0.0,,,
0.0,0.0,0.0,,,
0.0,0.0,0.0,,,
0.0,0.0,0.0,,,
0.0,0.0,0.0,,,
0.0,0.0,0.0,,,
0.0,0.0,0.0,,,
0.0,0.0,0.0,,,
0.0,0.0,0.0,,,
0.0,0.0,0.0,,,
0.0,0.0,0.0,,,
0.0,0.0,0.0,,,
350.0,579.0,292.0,,,
2094.0,6763.0,5388.0,,,
590.0,735.0,324.0,,,
289.0,516.0,430.0,,,
9.0,9.0,4.0,,,
155.0,210.0,162.0,,,
93.0,106.0,104.0,,,
1684.0,1899.0,1210.0,,,
2115.0,3188.0,1976.0,,,
273.0,292.0,133.0,,,
292.0,313.0,149.0,,,
9.0,20.0,19.0,,,
837.0,983.0,537.0,,,
878.0,1055.0,588.0,,,
1479.0,1769.0,519.0,,,
324.0,436.0,193.0,,,
40675.0,58058.0,30752.0,,,
168.0,208.0,123.0,,,
80.0,85.0,68.0,,,
342.0,767.0,458.0,,,
,,,,,
49.0,94.0,77.0,,,
590.0,662.0,472.0,,,
6.0,6.0,,,,
518.0,579.0,357.0,,,
1435.0,1622.0,1093.0,,,
1435.0,1622.0,1093.0,,,
9438.0,11394.0,3541.0,,,
959.0,985.0,98.0,,,
1369.0,1836.0,680.0,,,
1369.0,1836.0,680.0,,,
70.0,76.0,68.0,,,
188.0,292.0,225.0,,,
1859.0,2121.0,1973.0,,,
2172.0,2724.0,2486.0,,,
247.0,455.0,316.0,,,
1744.0,6184.0,5096.0,,,
218.0,284.0,140.0,,,
35.0,98.0,73.0,,,
1574.0,2228.0,913.0,,,
1967.0,3205.0,1628.0,,,
28.0,39.0,29.0,,,
,,,,,
,,,,,
117.0,158.0,114.0,,,
2337.0,3181.0,2239.0,,,
24.0,87.0,83.0,,,
11.0,11.0,5.0,,,
1426.0,1756.0,469.0,,,
337.0,454.0,142.0,,,
47.0,53.0,47.0,,,
,,6.0,,,
360.0,584.0,252.0,,,
950.0,1319.0,576.0,,,
20.0,23.0,12.0,,,
1591.0,1793.0,1106.0,,,
25.0,37.0,35.0,,,
45.0,48.0,21.0,,,
45.0,58.0,44.0,,,
27.0,34.0,23.0,,,
53.0,119.0,96.0,,,
126.0,156.0,53.0,,,
29.0,41.0,25.0,,,
1753.0,2398.0,1217.0,,,
19.0,21.0,16.0,,,
40.0,49.0,31.0,,,
135.0,142.0,47.0,,,
385.0,443.0,222.0,,,
73.0,84.0,48.0,,,
19.0,68.0,59.0,,,
321.0,375.0,,,,
1614.0,2328.0,868.0,,,
1093.0,1204.0,386.0,,,
386.0,446.0,242.0,,,
73.0,99.0,62.0,,,
154.0,175.0,,,,
231.0,255.0,42.0,,,
488.0,1006.0,741.0,,,
438.0,588.0,183.0,,,
31.0,213.0,197.0,,,
5139.0,6173.0,3133.0,,,
24.0,24.0,4.0,,,
199.0,239.0,172.0,,,
2262.0,2639.0,1286.0,,,
2262.0,2639.0,1286.0,,,
561.0,653.0,549.0,,,
570.0,637.0,478.0,,,
21.0,29.0,16.0,,,
465.0,509.0,395.0,,,
37.0,46.0,20.0,,,
1621.0,1901.0,669.0,,,
152.0,186.0,72.0,,,
197.0,280.0,127.0,,,
86.0,164.0,,,,
31.0,31.0,,,,
74.0,255.0,211.0,,,
413.0,1186.0,916.0,,,
67.0,244.0,202.0,,,
103.0,213.0,146.0,,,
302.0,568.0,366.0,,,
115.0,212.0,171.0,,,
713.0,1112.0,650.0,,,
209.0,345.0,203.0,,,
57.0,68.0,18.0,,,
386.0,433.0,232.0,,,
2365.0,4381.0,2904.0,,,
117.0,195.0,153.0,,,
62.0,88.0,48.0,,,
104.0,312.0,250.0,,,
29300.0,44048.0,25825.0,,,
728.0,1315.0,677.0,,,
319.0,722.0,504.0,,,
377.0,404.0,94.0,,,
465.0,663.0,336.0,,,
41.0,72.0,51.0,,,
74.0,132.0,115.0,,,
14.0,14.0,4.0,,,
109.0,127.0,40.0,,,
99.0,99.0,8.0,,,
30.0,33.0,11.0,,,
2166.0,2741.0,919.0,,,
67.0,90.0,62.0,,,
140.0,189.0,124.0,,,
125.0,188.0,71.0,,,
125.0,188.0,71.0,,,
264.0,342.0,230.0,,,
74.0,93.0,70.0,,,
29.0,35.0,18.0,,,
1182.0,1630.0,1122.0,,,
842.0,1210.0,550.0,,,
4389.0,7221.0,4576.0,,,
159.0,198.0,62.0,,,
344.0,440.0,153.0,,,
1959.0,4524.0,3215.0,,,
,,,,,
,,,,,
9.0,9.0,4.0,,,
,,,,,
,,,,,
1680.0,1810.0,1121.0,,,
2099.0,2459.0,1249.0,,,
273.0,292.0,133.0,,,
292.0,313.0,149.0,,,
,,,,,
,,,,,
874.0,989.0,522.0,,,
1473.0,1659.0,413.0,,,
,,,,,
40319.0,50797.0,23639.0,,,
168.0,208.0,123.0,,,
80.0,85.0,68.0,,,
338.0,,,,,
,,,,,
,,,,,
,,,,,
6.0,6.0,,,,
,,,,,
,,,,,
,,,,,
9419.0,10896.0,3046.0,,,
959.0,985.0,98.0,,,
1357.0,1653.0,506.0,,,
1357.0,1653.0,506.0,,,
70.0,76.0,68.0,,,
184.0,208.0,141.0,,,
1856.0,2083.0,1935.0,,,
2160.0,2444.0,2209.0,,,
243.0,373.0,235.0,,,
1615.0,4084.0,3062.0,,,
,,,,,
,,,,,
1567.0,1962.0,655.0,,,
1940.0,2511.0,948.0,,,
28.0,39.0,29.0,,,
,,,,,
,,,,,
,,,,,
2314.0,2598.0,1656.0,,,
,,,,,
11.0,11.0,5.0,,,
1420.0,1636.0,351.0,,,
,,,,,
47.0,53.0,47.0,,,
,,6.0,,,
,,,,,
946.0,1267.0,532.0,,,
20.0,23.0,12.0,,,
,,,,,
25.0,37.0,35.0,,,
45.0,48.0,21.0,,,
45.0,58.0,44.0,,,
27.0,34.0,23.0,,,
,,,,,
126.0,156.0,53.0,,,
29.0,41.0,25.0,,,
1744.0,2181.0,1005.0,,,
19.0,21.0,16.0,,,
40.0,49.0,31.0,,,
135.0,142.0,47.0,,,
385.0,443.0,222.0,,,
73.0,84.0,48.0,,,
,,,,,
321.0,375.0,,,,
1608.0,2248.0,792.0,,,
,,,,,
,,,,,
,,,,,
154.0,175.0,,,,
,,,,,
471.0,505.0,240.0,,,
,,,,,
,,,,,
5122.0,5861.0,2832.0,,,
24.0,24.0,4.0,,,
,,,,,
2258.0,2553.0,1201.0,,,
2258.0,2553.0,1201.0,,,
,,,,,
570.0,637.0,478.0,,,
21.0,29.0,16.0,,,
465.0,509.0,395.0,,,
37.0,46.0,20.0,,,
,,,,,
152.0,186.0,72.0,,,
197.0,280.0,127.0,,,
,,69.0,,,
31.0,31.0,,,,
66.0,86.0,43.0,,,
389.0,705.0,439.0,,,
59.0,96.0,58.0,,,
99.0,154.0,91.0,,,
298.0,515.0,314.0,,,
,,,,,
707.0,1024.0,563.0,,,
,,,,,
57.0,68.0,18.0,,,
,,,,,
2315.0,3496.0,2035.0,,,
,,,,,
62.0,88.0,48.0,,,
,,,,,
28972.0,37502.0,19419.0,,,
721.0,880.0,244.0,,,
307.0,463.0,250.0,,,
377.0,404.0,94.0,,,
,,,,,
,,,,,
,,,,,
14.0,14.0,4.0,,,
109.0,127.0,40.0,,,
99.0,99.0,8.0,,,
30.0,33.0,11.0,,,
2154.0,2530.0,717.0,,,
,,,,,
,,,,,
125.0,188.0,71.0,,,
125.0,188.0,71.0,,,
,,,,,
74.0,93.0,70.0,,,
29.0,35.0,18.0,,,
,,,,,
,,,,,
4331.0,6182.0,3554.0,,,
,,,,,
